Book Id,Title,Author,Author l-f,Additional Authors,ISBN,ISBN13,My Rating,Average Rating,Publisher,Binding,Number of Pages,Year Published,Original Publication Year,Date Read,Date Added,Bookshelves,Bookshelves with positions,Exclusive Shelf,My Review,Spoiler,Private Notes,Read Count,Recommended For,Recommended By,Owned Copies,Original Purchase Date,Original Purchase Location,Condition,Condition Description,BCID
13506825,tmux: Productive Mouse-Free Development,Brian P. Hogan,"Hogan, Brian P.",,"=""1934356964""","=""9781934356968""",0,3.89,The Pragmatic Bookshelf,ebook,88,2012,2012,,2017/02/27,"to-read, non-fiction","to-read (#301), non-fiction (#232)",to-read,,,,0,,,0,,,,,
19084476,Remote Pairing: Collaborative Tools for Distributed Development,Joe Kutner,"Kutner, Joe",,"=""1937785742""","=""9781937785741""",0,3.50,Pragmatic Bookshelf,Paperback,108,2013,2013,,2017/02/27,"to-read, non-fiction","to-read (#300), non-fiction (#231)",to-read,,,,0,,,0,,,,,
12962826,"Build Awesome Command-Line Applications in Ruby: Control Your Computer, Simplify Your Life",David B. Copeland,"Copeland, David B.",,"=""1934356913""","=""9781934356913""",0,3.77,Pragmatic Bookshelf,Paperback,225,2012,2012,,2017/02/27,"to-read, non-fiction","to-read (#299), non-fiction (#230)",to-read,,,,0,,,0,,,,,
18363907,Seven Web Frameworks in Seven Weeks,Jack Moffitt,"Moffitt, Jack",Fred Daoud,"=""1937785637""","=""9781937785635""",0,3.72,Pragmatic Programmers,ebook,300,2014,2013,,2017/02/27,"to-read, non-fiction","to-read (#298), non-fiction (#229)",to-read,,,,0,,,0,,,,,
26489826,Exercises for Programmers: 57 Challenges to Develop Your Coding Skills,Brian P. Hogan,"Hogan, Brian P.",,"=""1680501224""","=""9781680501223""",0,3.50,Pragmatic Bookshelf,Paperback,110,2015,2015,,2017/02/27,"to-read, non-fiction","to-read (#297), non-fiction (#228)",to-read,,,,0,,,0,,,,,
25069349,Mazes for Programmers: Code Your Own Twisty Little Passages,Jamis Buck,"Buck, Jamis",,"=""1680500554""","=""9781680500554""",0,4.25,Pragmatic Bookshelf,Paperback,275,2015,2015,,2017/02/27,"to-read, non-fiction","to-read (#296), non-fiction (#227)",to-read,,,,0,,,0,,,,,
17971957,Programming Elixir: Functional |> Concurrent |> Pragmatic |> Fun,Dave Thomas,"Thomas, Dave",,"=""1937785580""","=""9781937785581""",0,4.31,The Pragmatic Bookshelf,Paperback,287,2013,2013,,2017/02/27,"to-read, non-fiction","to-read (#295), non-fiction (#226)",to-read,,,,0,,,0,,,,,
22633418,Seven More Languages in Seven Weeks: Languages That Are Shaping the Future,Bruce A. Tate,"Tate, Bruce A.","Ian Dees, Frederic Daoud, Jack Moffitt","=""1941222153""","=""9781941222157""",0,3.55,Pragmatic Bookshelf,Paperback,320,2014,2014,,2017/02/27,"to-read, non-fiction","to-read (#294), non-fiction (#225)",to-read,,,,0,,,0,,,,,
26780371,Learn Game Programming with Ruby: Bring Your Ideas to Life with Gosu,Mark Sobkowicz,"Sobkowicz, Mark",,"=""1680500732""","=""9781680500738""",0,3.67,Pragmatic Bookshelf,Paperback,185,2015,2015,,2017/02/27,"to-read, non-fiction","to-read (#293), non-fiction (#224)",to-read,,,,0,,,0,,,,,
18774981,Waking Up: A Guide to Spirituality Without Religion,Sam Harris,"Harris, Sam",,"=""1451636016""","=""9781451636017""",0,3.86,Simon & Schuster,Hardcover,256,2014,2014,,2017/02/27,"to-read, non-fiction","to-read (#292), non-fiction (#223)",to-read,,,,0,,,0,,,,,
10483171,The Beginning of Infinity: Explanations That Transform the World,David Deutsch,"Deutsch, David",,"=""0670022756""","=""9780670022755""",0,4.06,Viking,Hardcover,487,2011,2011,,2017/02/27,"to-read, non-fiction","to-read (#291), non-fiction (#222)",to-read,,,,0,,,0,,,,,
168325,How Equal Temperament Ruined Harmony (And Why You Should Care),Ross W. Duffin,"Duffin, Ross W.",,"=""0393062279""","=""9780393062274""",0,3.86,W. W. Norton & Company,Hardcover,208,2006,2006,,2017/02/27,"to-read, non-fiction","to-read (#290), non-fiction (#221)",to-read,,,,0,,,0,,,,,
3600,The Complete Sherlock Holmes 1,Arthur Conan Doyle,"Doyle, Arthur Conan",Kyle Freeman,"=""1593082037""","=""9781593082031""",0,4.48,Barnes & Noble Classics,Hardcover,709,2004,2004,,2017/02/27,"to-read, fiction","to-read (#289), fiction (#69)",to-read,,,,0,,,0,,,,,
3586,"The Complete Sherlock Holmes, Vol 2",Arthur Conan Doyle,"Doyle, Arthur Conan",Kyle Freeman,"=""1593082045""","=""9781593082048""",0,4.46,Barnes & Noble Classics,Hardcover,709,2004,1930,,2017/02/27,"to-read, fiction","to-read (#288), fiction (#68)",to-read,,,,0,,,0,,,,,
8320840,H.P. Lovecraft:  The Complete Fiction,H.P. Lovecraft,"Lovecraft, H.P.",S.T. Joshi,"=""1435122968""","=""9781435122963""",0,4.35,Barnes & Noble,Leather Bound,1098,2011,2008,,2017/02/27,"to-read, fiction","to-read (#287), fiction (#67)",to-read,,,,0,,,0,,,,,
11127,"The Chronicles of Narnia (Chronicles of Narnia, #1-7)",C.S. Lewis,"Lewis, C.S.",Pauline Baynes,"=""0066238501""","=""9780066238500""",0,4.24,HarperCollins,Paperback,767,2002,1956,,2017/02/27,"to-read, fiction","to-read (#286), fiction (#66)",to-read,,,,0,,,0,,,,,
21787,The Princess Bride ,William Goldman,"Goldman, William",,"=""0345418263""","=""9780345418265""",0,4.25,Ballantine Books (Ballantine Reader's Circle),Paperback,398,2003,1973,,2017/02/27,"to-read, fiction","to-read (#285), fiction (#65)",to-read,,,,0,,,0,,,,,
968,"The Da Vinci Code (Robert Langdon, #2)",Dan Brown,"Brown, Dan",,"=""0307277674""","=""9780307277671""",0,3.78,Anchor,Paperback,481,2006,2003,,2017/02/27,"to-read, fiction","to-read (#284), fiction (#64)",to-read,,,,0,,,0,,,,,
7733,Gulliver's Travels,Jonathan Swift,"Swift, Jonathan",Robert DeMaria Jr.,"=""0141439491""","=""9780141439495""",0,3.55,Penguin Classics,Paperback,306,2003,1726,,2017/02/27,"to-read, fiction","to-read (#283), fiction (#63)",to-read,,,,0,,,0,,,,,
93101,The Arabian Nights,Anonymous,"Anonymous, Anonymous","Richard Francis Burton, A.S. Byatt","=""0812972147""","=""9780812972146""",0,4.06,Modern Library,Paperback,1049,2004,800,,2017/02/27,"to-read, fiction","to-read (#282), fiction (#62)",to-read,,,,0,,,0,,,,,
22917,The Complete Grimm's Fairy Tales,Jacob Grimm,"Grimm, Jacob","Wilhelm Grimm, Josef Scharl, Padraic Colum, Joseph Campbell, Margaret Raine Hunt, James Stern","=""0394709306""","=""9780394709307""",0,4.31,Pantheon Books,Paperback,880,1976,1812,,2017/02/27,"to-read, fiction","to-read (#281), fiction (#61)",to-read,,,,0,,,0,,,,,
6,"Harry Potter and the Goblet of Fire (Harry Potter, #4)",J.K. Rowling,"Rowling, J.K.",Mary GrandPré,"=""0439139600""","=""9780439139601""",0,4.52,Scholastic Inc.,Paperback,734,2002,2000,,2017/02/27,"to-read, fiction","to-read (#280), fiction (#60)",to-read,,,,0,,,0,,,,,
5,"Harry Potter and the Prisoner of Azkaban (Harry Potter, #3)",J.K. Rowling,"Rowling, J.K.",Mary GrandPré,"=""043965548X""","=""9780439655484""",0,4.52,Scholastic,Mass Market Paperback,435,2004,1999,,2017/02/27,"to-read, fiction","to-read (#279), fiction (#59)",to-read,,,,0,,,0,,,,,
15881,"Harry Potter and the Chamber of Secrets (Harry Potter, #2)",J.K. Rowling,"Rowling, J.K.",Mary GrandPré,"=""0439064864""","=""9780439064866""",0,4.36,Scholastic Inc.,Hardcover,341,1999,1998,,2017/02/27,"to-read, fiction","to-read (#278), fiction (#58)",to-read,,,,0,,,0,,,,,
3,"Harry Potter and the Sorcerer's Stone (Harry Potter, #1)",J.K. Rowling,"Rowling, J.K.",Mary GrandPré,"=""0439554934""","=""9780439554930""",0,4.43,Arthur A. Levine Books,Hardcover,320,1997,1997,,2017/02/27,"to-read, fiction","to-read (#277), fiction (#57)",to-read,,,,0,,,0,,,,,
350,Stranger in a Strange Land,Robert A. Heinlein,"Heinlein, Robert A.",,"=""0441788386""","=""9780441788385""",0,3.90,Ace,Paperback,528,1991,1961,,2017/02/27,"to-read, fiction","to-read (#276), fiction (#56)",to-read,,,,0,,,0,,,,,
234225,Dune,Frank Herbert,"Herbert, Frank",,"=""0340839937""","=""9780340839935""",0,4.18,Hodder & Stoughton,Paperback,604,2006,1965,,2017/02/27,"to-read, fiction","to-read (#275), fiction (#55)",to-read,,,,0,,,0,,,,,
12591698,"Caliban's War (Expanse, #2)",James S.A. Corey,"Corey, James S.A.",,"=""1841499900""","=""9781841499901""",0,4.26,Orbit (Hachette),Paperback,595,2012,2012,,2017/02/27,"to-read, fiction","to-read (#274), fiction (#54)",to-read,,,,0,,,0,,,,,
8855321,"Leviathan Wakes (Expanse, #1)",James S.A. Corey,"Corey, James S.A.",,"=""1841499889""","=""9781841499888""",0,4.18,Orbit,Paperback,561,2011,2011,,2017/02/27,"to-read, fiction","to-read (#273), fiction (#53)",to-read,,,,0,,,1,,,unspecified,,
18423,The Left Hand of Darkness,Ursula K. Le Guin,"Guin, Ursula K. Le",,"=""0441007317""","=""9780441007318""",0,4.05,Ace,Paperback,304,2000,1969,,2017/02/27,"to-read, fiction","to-read (#272), fiction (#52)",to-read,,,,0,,,0,,,,,
8648,"Xenocide (Ender's Saga, #3)",Orson Scott Card,"Card, Orson Scott",,"=""0312861877""","=""9780312861872""",0,3.77,Tor Books,Mass Market Paperback,592,1996,1991,,2017/02/27,"to-read, fiction","to-read (#271), fiction (#51)",to-read,,,,0,,,0,,,,,
31360,"Children of the Mind (Ender's Saga, #4)",Orson Scott Card,"Card, Orson Scott",,"=""0765304740""","=""9780765304742""",0,3.73,Tor Books,Paperback,370,2002,1996,,2017/02/27,"to-read, fiction","to-read (#270), fiction (#50)",to-read,,,,0,,,0,,,,,
7967,"Speaker for the Dead (Ender's Saga, #2)",Orson Scott Card,"Card, Orson Scott",,"=""0812550757""","=""9780812550757""",0,4.04,Tor Books,Mass Market Paperback,382,1994,1986,,2017/02/27,"to-read, fiction","to-read (#269), fiction (#49)",to-read,,,,0,,,0,,,,,
8647,"Shadow of the Giant (Ender's Shadow, #4)",Orson Scott Card,"Card, Orson Scott",,"=""1841492051""","=""9781841492056""",0,3.98,,Hardcover,388,2005,2005,,2017/02/27,"to-read, fiction","to-read (#268), fiction (#48)",to-read,,,,0,,,0,,,,,
234724,"Shadow Puppets (Ender's Shadow, #3)",Orson Scott Card,"Card, Orson Scott",,"=""0765340054""","=""9780765340054""",0,3.88,Tor Books,Mass Market Paperback,375,2003,2002,,2017/02/27,"to-read, fiction","to-read (#267), fiction (#47)",to-read,,,,0,,,0,,,,,
9534,"Shadow of the Hegemon (Ender's Shadow, #2)",Orson Scott Card,"Card, Orson Scott",,"=""0812565959""","=""9780812565959""",0,3.93,Tor Books,Mass Market Paperback,451,2001,2000,,2017/02/27,"to-read, fiction","to-read (#266), fiction (#46)",to-read,,,,0,,,0,,,,,
9532,"Ender's Shadow (Ender's Shadow, #1)",Orson Scott Card,"Card, Orson Scott",,"=""0765342405""","=""9780765342409""",0,4.30,Starscape,Paperback,469,2002,1998,,2017/02/27,"to-read, fiction","to-read (#265), fiction (#45)",to-read,,,,0,,,0,,,,,
375802,"Ender's Game (Ender's Saga, #1)",Orson Scott Card,"Card, Orson Scott",,"=""0812550706""","=""9780812550702""",0,4.29,Tor,Mass Market Paperback,324,1994,1985,,2017/02/27,"to-read, fiction","to-read (#264), fiction (#44)",to-read,,,,0,,,0,,,,,
16059350,"Earth Afire (The First Formic War, #2)",Orson Scott Card,"Card, Orson Scott",Aaron Johnston,"=""0765329050""","=""9780765329059""",0,4.01,"Tor Books, New York",Hardcover,399,2013,2013,,2017/02/27,"to-read, fiction","to-read (#263), fiction (#43)",to-read,,,,0,,,0,,,,,
13151129,"Earth Unaware (The First Formic War, #1)",Orson Scott Card,"Card, Orson Scott",Aaron Johnston,"=""0765329042""","=""9780765329042""",0,3.91,Tor Books,Hardcover,368,2012,2012,,2017/02/27,"to-read, fiction","to-read (#262), fiction (#42)",to-read,,,,0,,,0,,,,,
35743,The Tin Drum,Günter Grass,"Grass, Günter",,"=""0099483505""","=""9780099483502""",0,3.96,Vintage,Paperback,567,2005,1959,,2017/02/27,"to-read, fiction","to-read (#261), fiction (#41)",to-read,,,,0,,,0,,,,,
17343,Till We Have Faces,C.S. Lewis,"Lewis, C.S.",,"=""0156904365""","=""9780156904360""",0,4.18,Harcourt Paperbacks,Paperback,313,2006,1956,,2017/02/27,"to-read, fiction","to-read (#260), fiction (#40)",to-read,,,,0,,,0,,,,,
29567252,Moby Dick 1,Herman Melville,"Melville, Herman","Rockwell Kent, Daisy Schjelderup","=""""","=""9788252512199""",0,3.48,De norske bokklubbene,Hardcover,262,1984,1982,,2017/02/27,"to-read, fiction","to-read (#259), fiction (#39)",to-read,,,,0,,,0,,,,,
1044355,When You Are Engulfed in Flames,David Sedaris,"Sedaris, David",,"=""0316143472""","=""9780316143479""",0,4.04,Little Brown and Company,Hardcover,323,2008,2008,,2017/02/27,"to-read, non-fiction","to-read (#258), non-fiction (#220)",to-read,,,,0,,,0,,,,,
7047,The Tale of Genji,Murasaki Shikibu,"Shikibu, Murasaki",Edward G. Seidensticker,"=""0679729534""","=""9780679729532""",0,3.71,Vintage,Paperback,368,1990,1021,,2017/02/27,"to-read, fiction","to-read (#257), fiction (#38)",to-read,,,,0,,,0,,,,,
24800,House of Leaves,Mark Z. Danielewski,"Danielewski, Mark Z.",,"=""038560310X""","=""9780385603102""",0,4.14,Random House,Paperback,705,2000,2000,,2017/02/27,"to-read, fiction","to-read (#256), fiction (#37)",to-read,,,,0,,,0,,,,,
9443405,The Pale King,David Foster Wallace,"Wallace, David Foster",Michael Pietsch,"=""0316074233""","=""9780316074230""",0,3.95,"Little, Brown & Company",Hardcover,548,2011,2011,,2017/02/27,"to-read, fiction","to-read (#255), fiction (#36)",to-read,,,,0,,,0,,,,,
6759,Infinite Jest,David Foster Wallace,"Wallace, David Foster",,"=""0316921173""","=""9780316921176""",0,4.32,Back Bay Books,Paperback,1088,2005,1996,,2017/02/27,"to-read, fiction","to-read (#254), fiction (#35)",to-read,,,,0,,,0,,,,,
6288,The Road,Cormac McCarthy,"McCarthy, Cormac",,"=""0307265439""","=""9780307265432""",0,3.95,Alfred A. Knopf,Hardcover,241,2006,2006,,2017/02/27,"to-read, fiction","to-read (#253), fiction (#34)",to-read,,,,0,,,0,,,,,
19380,Candide,Voltaire,"Voltaire, Voltaire",,"=""0486266893""","=""9780486266893""",0,3.75,Dover Publications,Paperback,94,1991,1759,,2017/02/27,"to-read, fiction","to-read (#252), fiction (#33)",to-read,,,,0,,,0,,,,,
23080163,Alice's Adventures in Wonderland,Carroll Lewis Tenniel John,"John, Carroll Lewis Tenniel",,"=""1467732648""","=""9781467732642""",0,3.88,First Avenue Editions,ebook,126,,,,2017/02/27,"fiction, to-read","fiction (#32), to-read (#251)",to-read,,,,0,,,0,,,,,
62446,The Prince and the Pauper,Mark Twain,"Twain, Mark",Everett H. Emerson,"=""0451528352""","=""9780451528353""",0,3.83,Signet,Paperback,240,2002,1881,,2017/02/27,"to-read, fiction","to-read (#250), fiction (#31)",to-read,,,,0,,,0,,,,,
13496,"A Game of Thrones (A Song of Ice and Fire, #1)",George R.R. Martin,"Martin, George R.R.",,"=""0553588486""","=""9780553588484""",0,4.44,Bantam,Mass Market Paperback,835,2005,1996,,2017/02/27,"to-read, fiction","to-read (#249), fiction (#30)",to-read,,,,0,,,0,,,,,
616828,Heart of Darkness and The Secret Sharer,Joseph Conrad,"Conrad, Joseph",,"=""0451526570""","=""9780451526571""",0,3.49,Signet Classics,Paperback,176,1997,1910,,2017/02/27,"to-read, fiction","to-read (#248), fiction (#29)",to-read,,,,0,,,0,,,,,
12914,The Aeneid,Virgil,"Virgil, Virgil",Robert Fitzgerald,"=""0679729526""","=""9780679729525""",0,3.80,Vintage,Paperback,442,1990,-17,,2017/02/27,"to-read, fiction","to-read (#247), fiction (#28)",to-read,,,,0,,,0,,,,,
9969571,Ready Player One,Ernest Cline,"Cline, Ernest",,"=""030788743X""","=""9780307887436""",0,4.31,Crown Publishers,Hardcover,374,2011,2011,,2017/02/27,"to-read, fiction","to-read (#246), fiction (#27)",to-read,,,,0,,,0,,,,,
1715,Metamorphoses,Ovid,"Ovid, Ovid","David Raeburn, Denis Feeney","=""014044789X""","=""9780140447897""",0,4.03,Penguin,Paperback,723,2004,8,,2017/02/27,"to-read, fiction","to-read (#245), fiction (#26)",to-read,,,,0,,,0,,,,,
8856930,The Illiad of Homer,Homer,"Homer, Homer",Alexander Pope,"=""1445503190""","=""9781445503196""",0,3.82,Foster Press,Paperback,542,2010,-800,,2017/02/27,"to-read, fiction","to-read (#244), fiction (#25)",to-read,,,,0,,,0,,,,,
1381,The Odyssey,Homer,"Homer, Homer","Robert Fagles, Bernard Knox","=""0143039954""","=""9780143039952""",0,3.72,Penguin Classics,Paperback,541,2006,-800,,2017/02/27,"to-read, fiction","to-read (#243), fiction (#24)",to-read,,,,0,,,0,,,,,
9602,Palm Sunday: An Autobiographical Collage,Kurt Vonnegut,"Vonnegut, Kurt",,"=""0385334265""","=""9780385334266""",0,3.77,Dial Press Trade Paperback,Paperback,300,1999,1981,,2017/02/26,"to-read, non-fiction","to-read (#242), non-fiction (#218)",to-read,,,,0,,,0,,,,,
6370612,Look at the Birdie: Unpublished Short Fiction,Kurt Vonnegut,"Vonnegut, Kurt",,"=""038534371X""","=""9780385343718""",0,3.94,Delacorte Press,Hardcover,251,2009,2009,,2017/02/26,"to-read, fiction","to-read (#241), fiction (#23)",to-read,,,,0,,,0,,,,,
4984,Bagombo Snuff Box,Kurt Vonnegut,"Vonnegut, Kurt",,"=""0099282968""","=""9780099282969""",0,3.72,Vintage,Paperback,295,2000,1999,,2017/02/26,"to-read, fiction","to-read (#240), fiction (#22)",to-read,,,,0,,,0,,,,,
2024223,Armageddon in Retrospect,Kurt Vonnegut,"Vonnegut, Kurt",,"=""0399155082""","=""9780399155086""",0,3.93,G.P. Putnam's Sons,Hardcover,234,2008,2008,,2017/02/26,"to-read, fiction","to-read (#239), fiction (#21)",to-read,,,,0,,,0,,,,,
9589,Hocus Pocus,Kurt Vonnegut,"Vonnegut, Kurt",,"=""0425161293""","=""9780425161296""",0,3.81,Berkley,Paperback,336,1997,1990,,2017/02/26,"to-read, fiction","to-read (#238), fiction (#20)",to-read,,,,0,,,0,,,,,
33586715,Timequake,Kurt Vonnegut,"Vonnegut, Kurt",,"=""""","=""""",0,3.71,RosettaBooks,Kindle Edition,276,,1997,,2017/02/26,"to-read, fiction","to-read (#237), fiction (#19)",to-read,,,,0,,,0,,,,,
9601,Bluebeard,Kurt Vonnegut,"Vonnegut, Kurt",,"=""038533351X""","=""9780385333511""",0,4.02,Dial Press Trade Paperback,Paperback,318,1998,1987,,2017/02/26,"to-read, fiction","to-read (#236), fiction (#18)",to-read,,,,0,,,0,,,,,
9593,Galápagos,Kurt Vonnegut,"Vonnegut, Kurt",,"=""0385333870""","=""9780385333870""",0,3.87,Dial Press Trade Paperback,Paperback,324,1999,1985,,2017/02/26,"to-read, fiction","to-read (#235), fiction (#17)",to-read,,,,0,,,0,,,,,
9592,Mother Night,Kurt Vonnegut,"Vonnegut, Kurt",,"=""0385334141""","=""9780385334143""",0,4.20,Dial Press,Paperback,282,1999,1961,,2017/02/26,"to-read, fiction","to-read (#234), fiction (#16)",to-read,,,,0,,,0,,,,,
4982,The Sirens of Titan,Kurt Vonnegut,"Vonnegut, Kurt",,"=""1857988841""","=""9781857988840""",0,4.15,Gollancz,Paperback,224,1999,1959,,2017/02/26,"to-read, fiction","to-read (#233), fiction (#15)",to-read,,,,0,,,0,,,,,
4980,Breakfast of Champions,Kurt Vonnegut,"Vonnegut, Kurt",,"=""0385334206""","=""9780385334204""",0,4.09,Dell Publishing,Paperback,302,2009,1973,,2017/02/26,"to-read, fiction","to-read (#232), fiction (#14)",to-read,,,,0,,,0,,,,,
135479,Cat's Cradle,Kurt Vonnegut,"Vonnegut, Kurt",,"=""0140285601""","=""9780140285604""",0,4.18,Penguin,Paperback,306,1999,1963,,2017/02/26,"to-read, fiction","to-read (#231), fiction (#13)",to-read,,,,0,,,0,,,,,
4981,Slaughterhouse-Five,Kurt Vonnegut,"Vonnegut, Kurt",,"=""0385333846""","=""9780385333849""",0,4.05,Dial Press Trade Paperback,Paperback,215,1999,1969,,2017/02/26,"to-read, fiction","to-read (#230), fiction (#12)",to-read,,,,0,,,0,,,,,
6785491,Eureka Man: The Life and Legacy of Archimedes,Alan W. Hirshfeld,"Hirshfeld, Alan W.",,"=""0802716180""","=""9780802716187""",0,3.35,Walker & Company,Hardcover,256,2009,2009,,2017/02/26,"to-read, non-fiction","to-read (#229), non-fiction (#217)",to-read,,,,0,,,0,,,,,
10884,Einstein: His Life and Universe,Walter Isaacson,"Isaacson, Walter",,"=""0743264738""","=""9780743264730""",0,4.07,Simon & Schuster,Hardcover,551,2007,2007,,2017/02/26,"to-read, non-fiction","to-read (#228), non-fiction (#216)",to-read,,,,0,,,0,,,,,
98685,Genius: The Life and Science of Richard Feynman,James Gleick,"Gleick, James",,"=""0679747044""","=""9780679747048""",0,4.16,Vintage,Paperback,531,1993,1992,,2017/02/26,"to-read, non-fiction","to-read (#227), non-fiction (#215)",to-read,,,,0,,,0,,,,,
17098,Isaac Newton,James Gleick,"Gleick, James",,"=""1400032954""","=""9781400032952""",0,3.81,Vintage,Paperback,288,2004,2003,,2017/02/26,"to-read, non-fiction","to-read (#226), non-fiction (#214)",to-read,,,,0,,,0,,,,,
151689,Carl Sagan: A Life,Keay Davidson,"Davidson, Keay",,"=""0471395366""","=""9780471395362""",0,3.97,Wiley,Paperback,560,2000,1999,,2017/02/26,"to-read, non-fiction","to-read (#225), non-fiction (#213)",to-read,,,,0,,,0,,,,,
494,Wizard: The Life and Times of Nikola Tesla: Biography of a Genius,Marc Seifer,"Seifer, Marc",William H. Terbo,"=""0806519606""","=""9780806519609""",0,3.77,Citadel,Paperback,542,2001,1996,,2017/02/26,"to-read, non-fiction","to-read (#224), non-fiction (#212)",to-read,,,,0,,,0,,,,,
106139,The Man Who Knew Infinity: A Life of the Genius Ramanujan,Robert Kanigel,"Kanigel, Robert",,"=""0349104522""","=""9780349104522""",0,4.14,Abacus,Paperback,438,1992,1991,,2017/02/26,"to-read, non-fiction","to-read (#223), non-fiction (#211)",to-read,,,,0,,,0,,,,,
6629359,"The Strangest Man: The Hidden Life of Paul Dirac, Mystic of the Atom",Graham Farmelo,"Farmelo, Graham",,"=""0465018270""","=""9780465018277""",0,4.08,Basic Books,Hardcover,560,2009,2009,,2017/02/26,"to-read, non-fiction","to-read (#222), non-fiction (#210)",to-read,,,,0,,,0,,,,,
10816769,And So it Goes: Kurt Vonnegut: A Life,Charles J. Shields,"Shields, Charles J.",,"=""0805086935""","=""9780805086935""",0,3.89,Henry Holt and Co.,Hardcover,513,2011,2011,,2017/02/26,"to-read, non-fiction","to-read (#221), non-fiction (#209)",to-read,,,,0,,,0,,,,,
10271884,The Fractalist: Memoir of a Scientific Maverick,Benoît B. Mandelbrot,"Mandelbrot, Benoît B.",,"=""0307377350""","=""9780307377357""",0,3.60,Pantheon,Hardcover,352,2012,2011,,2017/02/26,"to-read, non-fiction","to-read (#220), non-fiction (#208)",to-read,,,,0,,,0,,,,,
190039,Buckminster Fuller's Universe: An Appreciation,Lloyd Steven Sieden,"Sieden, Lloyd Steven","L. Seiden, Norman Cousins","=""0738203793""","=""9780738203799""",0,4.06,Basic Books,Paperback,530,2000,,,2017/02/26,"to-read, non-fiction","to-read (#219), non-fiction (#219)",to-read,,,,0,,,0,,,,,
258459,Strange Beauty: Murray Gell-Mann and the Revolution in Twentieth-Century Physics,George Johnson,"Johnson, George",,"=""0679756884""","=""9780679756880""",0,3.97,Vintage,Paperback,464,2000,1999,,2017/02/26,"to-read, non-fiction","to-read (#218), non-fiction (#207)",to-read,,,,0,,,0,,,,,
6321411,Something Incredibly Wonderful Happens: Frank Oppenheimer and the world he made up,K.C. Cole,"Cole, K.C.",,"=""0151008221""","=""9780151008223""",0,4.10,Houghton Mifflin Harcourt,Hardcover,416,2009,2009,,2017/02/26,"to-read, non-fiction","to-read (#217), non-fiction (#206)",to-read,,,,0,,,0,,,,,
13912,"A Beautiful Mind: A Biography of John Forbes Nash, Jr., Winner of the Nobel Prize for Economics, 1994",Sylvia Nasar,"Nasar, Sylvia",,"=""0571212921""","=""9780571212927""",0,4.11,Simon & Schuster,Paperback,461,2002,1998,,2017/02/26,"to-read, non-fiction","to-read (#216), non-fiction (#205)",to-read,,,,0,,,0,,,,,
305113,Sergei Prokofiev: A Biography,Harlow Robinson,"Robinson, Harlow",,"=""1555535178""","=""9781555535179""",0,4.45,Northeastern University Press,Paperback,584,2002,2002,,2017/02/26,"to-read, non-fiction","to-read (#215), non-fiction (#204)",to-read,,,,0,,,0,,,,,
403918,Glenn Gould: The Ecstasy and Tragedy of Genius,Peter Ostwald,"Ostwald, Peter",Lise Deschamps Ostwald,"=""0393318478""","=""9780393318470""",0,3.99,W. W. Norton & Company,Paperback,368,1998,1997,,2017/02/26,"to-read, non-fiction","to-read (#214), non-fiction (#203)",to-read,,,,0,,,0,,,,,
180768,The Dobsonian Telescope: A Practical Manual for Building Large Aperture Telescopes,David Kriege,"Kriege, David",Richard Berry,"=""0943396557""","=""9780943396552""",0,4.03,Willmann-Bell,Hardcover,475,1997,1997,,2017/02/26,"to-read, non-fiction","to-read (#213), non-fiction (#202)",to-read,,,,0,,,0,,,,,
10677213,Van Gogh: The Life,Steven Naifeh,"Naifeh, Steven",Gregory White Smith,"=""0375507485""","=""9780375507489""",0,4.07,Random House,Hardcover,950,2011,2011,,2017/02/26,"to-read, non-fiction","to-read (#212), non-fiction (#201)",to-read,,,,0,,,0,,,,,
165807,To a Violent Grave: An Oral Biography of Jackson Pollock,Jeffrey Potter,"Potter, Jeffrey",,"=""0916366472""","=""9780916366476""",0,4.24,Pushcart Press,Paperback,303,1993,1985,,2017/02/26,"to-read, non-fiction","to-read (#211), non-fiction (#200)",to-read,,,,0,,,0,,,,,
21147441,Music Sounded Out,Alfred Brendel,"Brendel, Alfred",,"=""0860519864""","=""9780860519867""",0,5.00,Robson Books Ltd,Paperback,264,1998,1998,,2017/02/26,"to-read, non-fiction","to-read (#210), non-fiction (#199)",to-read,,,,0,,,0,,,,,
70561,The Gulag Archipelago 1918-1956,Aleksandr Solzhenitsyn,"Solzhenitsyn, Aleksandr",Edward E. Ericson Jr.,"=""0060007761""","=""9780060007768""",0,4.14,HarperCollins,Paperback,472,2002,1973,,2017/02/26,"to-read, non-fiction","to-read (#209), non-fiction (#198)",to-read,,,,0,,,0,,,,,
6105756,On Russian Music,Richard Taruskin,"Taruskin, Richard",,"=""0520249798""","=""9780520249790""",0,4.38,University of California Press,Hardcover,407,2009,2008,,2017/02/26,"to-read, non-fiction","to-read (#208), non-fiction (#197)",to-read,,,,0,,,0,,,,,
934522,The Study of Fugue,Alfred Mann,"Mann, Alfred",,"=""0486254399""","=""9780486254395""",0,4.02,Dover Publications,Paperback,368,1987,1966,,2017/02/26,"to-read, non-fiction","to-read (#207), non-fiction (#196)",to-read,,,,0,,,0,,,,,
141565,This Is Your Brain on Music: The Science of a Human Obsession,Daniel J. Levitin,"Levitin, Daniel J.",,"=""0525949690""","=""9780525949695""",0,3.86,Dutton Adult,Hardcover,314,2006,2006,,2017/02/26,"to-read, non-fiction","to-read (#206), non-fiction (#195)",to-read,,,,0,,,0,,,,,
2145045,The World in Six Songs: How the Musical Brain Created Human Nature,Daniel J. Levitin,"Levitin, Daniel J.",,"=""0525950737""","=""9780525950738""",0,3.68,Dutton Adult,Hardcover,355,2008,2008,,2017/02/26,"to-read, non-fiction","to-read (#205), non-fiction (#194)",to-read,,,,0,,,0,,,,,
1360890,The Bach Reader: A Life of Johann Sebastian Bach in Letters and Documents,Hans T. David,"David, Hans T.",Arthur Mendel,"=""0393002594""","=""9780393002591""",0,4.20,W W Norton & Co Inc,Paperback,474,1972,1945,,2017/02/26,"to-read, non-fiction","to-read (#204), non-fiction (#193)",to-read,,,,0,,,0,,,,,
23522,Mythology: Timeless Tales of Gods and Heroes,Edith Hamilton,"Hamilton, Edith",Steele Savage,"=""0316341517""","=""9780316341516""",0,3.98,Back Bay Books,Paperback,497,1998,1942,,2017/02/26,"non-fiction, to-read","non-fiction (#192), to-read (#203)",to-read,,,,1,,,0,,,,,
327,Why Zebras Don't Get Ulcers,Robert M. Sapolsky,"Sapolsky, Robert M.",,"=""0805073698""","=""9780805073690""",0,4.14,Holt Paperbacks,Paperback,560,2004,1993,,2017/02/26,"to-read, non-fiction","to-read (#202), non-fiction (#191)",to-read,,,,0,,,0,,,,,
117047,The Blind Watchmaker: Why the Evidence of Evolution Reveals a Universe Without Design,Richard Dawkins,"Dawkins, Richard",,"=""0141026162""","=""9780141026169""",0,4.08,Penguin,Paperback,340,2006,1986,,2017/02/26,"to-read, non-fiction","to-read (#201), non-fiction (#190)",to-read,,,,0,,,0,,,,,
6117055,The Greatest Show on Earth: The Evidence for Evolution,Richard Dawkins,"Dawkins, Richard",,"=""059306173X""","=""9780593061732""",0,4.16,Bantam Press,Hardcover,470,2009,2009,,2017/02/26,"to-read, non-fiction","to-read (#200), non-fiction (#189)",to-read,,,,0,,,0,,,,,
17977,The Ancestor's Tale: A Pilgrimage to the Dawn of Evolution,Richard Dawkins,"Dawkins, Richard",,"=""061861916X""","=""9780618619160""",0,4.12,Mariner Books,Paperback,688,2005,2004,,2017/02/26,"to-read, non-fiction","to-read (#199), non-fiction (#188)",to-read,,,,0,,,0,,,,,
22463,The Origin of Species,Charles Darwin,"Darwin, Charles",,"=""0785819118""","=""9780785819110""",0,3.96,Castle Books,Hardcover,703,2004,1859,,2017/02/26,"to-read, non-fiction","to-read (#198), non-fiction (#187)",to-read,,,,0,,,0,,,,,
5863221,How to Build a Dinosaur: Extinction Doesn't Have to Be Forever,Jack Horner,"Horner, Jack",James Gorman,"=""0525951040""","=""9780525951049""",0,3.76,Dutton Adult,Hardcover,246,2009,2009,,2017/02/26,"to-read, non-fiction","to-read (#197), non-fiction (#186)",to-read,,,,0,,,0,,,,,
1475238,AI: The Tumultuous History of the Search for Artificial Intelligence,Daniel Crevier,"Crevier, Daniel",,"=""0465001041""","=""9780465001040""",0,3.52,Basic Books (AZ),Paperback,400,1994,1993,,2017/02/26,"to-read, non-fiction","to-read (#196), non-fiction (#185)",to-read,,,,0,,,0,,,,,
1203186,The Existential Pleasures of Engineering,Samuel C. Florman,"Florman, Samuel C.",,"=""0312141041""","=""9780312141042""",0,3.51,St. Martin's Griffin,Paperback,224,1996,1976,,2017/02/26,"to-read, non-fiction","to-read (#195), non-fiction (#184)",to-read,,,,0,,,0,,,,,
53325,Fingerprints of the Gods: The Evidence of Earth's Lost Civilization,Graham Hancock,"Hancock, Graham",Santha Faiia,"=""0517887290""","=""9780517887295""",0,4.17,Three Rivers Press,Paperback,592,1996,1995,,2017/02/26,"to-read, non-fiction","to-read (#194), non-fiction (#183)",to-read,,,,0,,,0,,,,,
2218102,Maps of Meaning: The Architecture of Belief,Jordan B. Peterson,"Peterson, Jordan B.",,"=""0415922224""","=""9780415922227""",0,4.36,Routledge,Paperback,564,1999,1999,,2017/02/26,"to-read, non-fiction","to-read (#193), non-fiction (#182)",to-read,,,,0,,,0,,,,,
7785194,The Moral Landscape: How Science Can Determine Human Values,Sam Harris,"Harris, Sam",,"=""1439171211""","=""9781439171219""",0,3.89,Free Press,Hardcover,291,2010,2010,,2017/02/26,"to-read, non-fiction","to-read (#192), non-fiction (#181)",to-read,,,,0,,,0,,,,,
270881,The Quark and the Jaguar: Adventures in the Simple and the Complex,Murray Gell-Mann,"Gell-Mann, Murray",,"=""0805072535""","=""9780805072532""",0,3.81,St. Martin's Griffin,Paperback,392,1995,1994,,2017/02/26,"to-read, non-fiction","to-read (#191), non-fiction (#180)",to-read,,,,0,,,0,,,,,
3109,The Omnivore's Dilemma: A Natural History of Four Meals,Michael Pollan,"Pollan, Michael",,"=""1594200823""","=""9781594200823""",0,4.17,The Penguin Press,Hardcover,451,2006,2006,,2017/02/26,"to-read, non-fiction","to-read (#190), non-fiction (#179)",to-read,,,,0,,,0,,,,,
6178648,Nothing to Envy: Ordinary Lives in North Korea,Barbara Demick,"Demick, Barbara",,"=""0385523904""","=""9780385523905""",0,4.42,Spiegel & Grau,Hardcover,316,2009,2009,,2017/02/26,"to-read, non-fiction","to-read (#189), non-fiction (#178)",to-read,,,,0,,,0,,,,,
25013,A Crack in the Edge of the World,Simon Winchester,"Winchester, Simon",,"=""0060572000""","=""9780060572006""",0,3.78,Harper Perennial,Paperback,419,2006,2005,,2017/02/26,"to-read, non-fiction","to-read (#188), non-fiction (#177)",to-read,,,,0,,,0,,,,,
1842,"Guns, Germs, and Steel: The Fates of Human Societies",Jared Diamond,"Diamond, Jared",,"=""0739467352""","=""9780739467350""",0,3.99,W.W. Norton & Company,Paperback,425,2005,1997,,2017/02/26,"to-read, non-fiction","to-read (#187), non-fiction (#176)",to-read,,,,0,,,0,,,,,
978098,Auschwitz,Laurence Rees,"Rees, Laurence",,"=""158648303X""","=""9781586483036""",0,4.23,PublicAffairs,Hardcover,327,2005,2005,,2017/02/26,"to-read, non-fiction","to-read (#186), non-fiction (#175)",to-read,,,,0,,,0,,,,,
326148,A History of Mathematics,Carl B. Boyer,"Boyer, Carl B.","Uta C. Merzbach, Isaac Asimov","=""0471543977""","=""9780471543978""",0,4.01,Wiley,Paperback,736,1991,1968,,2017/02/26,"to-read, non-fiction","to-read (#185), non-fiction (#174)",to-read,,,,0,,,0,,,,,
243685,A History of Western Philosophy,Bertrand Russell,"Russell, Bertrand",,"=""0671201581""","=""9780671201586""",0,4.05,Routledge Classics,Paperback,895,2008,1945,,2017/02/26,"to-read, non-fiction","to-read (#184), non-fiction (#173)",to-read,,,,0,,,0,,,,,
475,Collapse: How Societies Choose to Fail or Succeed,Jared Diamond,"Diamond, Jared",,"=""0143036556""","=""9780143036555""",0,3.91,Penguin Books Ltd. (London),Paperback,608,2005,2004,,2017/02/26,"to-read, non-fiction","to-read (#183), non-fiction (#172)",to-read,,,,0,,,0,,,,,
13426276,Brain Wars: The Scientific Battle Over the Existence of the Mind and the Proof That Will Change the Way We Live Our Lives,Mario Beauregard,"Beauregard, Mario",,"=""0062071564""","=""9780062071569""",0,3.57,HarperOne,Hardcover,256,2012,2012,,2017/02/26,"to-read, non-fiction","to-read (#182), non-fiction (#171)",to-read,,,,0,,,0,,,,,
63697,The Man Who Mistook His Wife for a Hat and Other Clinical Tales,Oliver Sacks,"Sacks, Oliver",,"=""0684853949""","=""9780684853949""",0,4.04,Touchstone,Paperback,243,1998,1985,,2017/02/26,"to-read, non-fiction","to-read (#181), non-fiction (#170)",to-read,,,,0,,,0,,,,,
25817684,What to Think About Machines That Think: Today's Leading Thinkers on the Age of Machine Intelligence,John Brockman,"Brockman, John",,"=""006242565X""","=""9780062425652""",0,3.22,Harper Perennial,Paperback,576,2015,2015,,2017/02/26,"to-read, non-fiction","to-read (#180), non-fiction (#169)",to-read,,,,0,,,0,,,,,
5986375,"This Is Water: Some Thoughts, Delivered on a Significant Occasion, about Living a Compassionate Life",David Foster Wallace,"Wallace, David Foster",,"=""0316068225""","=""9780316068222""",0,4.53,"Little, Brown and Company",Hardcover,138,2009,2009,,2017/02/26,"to-read, non-fiction","to-read (#179), non-fiction (#168)",to-read,,,,0,,,0,,,,,
12379144,Lying,Sam Harris,"Harris, Sam",,"=""""","=""""",0,3.83,,ebook,34,,2011,,2017/02/26,"to-read, non-fiction","to-read (#178), non-fiction (#167)",to-read,,,,0,,,0,,,,,
98810,God: The Failed Hypothesis: How Science Shows That God Does Not Exist,Victor J. Stenger,"Stenger, Victor J.",,"=""1591024811""","=""9781591024811""",0,3.89,Prometheus Books,Hardcover,287,2007,2007,,2017/02/26,"to-read, non-fiction","to-read (#177), non-fiction (#166)",to-read,,,,0,,,0,,,,,
2067,Breaking the Spell: Religion as a Natural Phenomenon,Daniel C. Dennett,"Dennett, Daniel C.",,"=""067003472X""","=""9780670034727""",0,3.88,Viking Adult,Hardcover,464,2006,2006,,2017/02/26,"to-read, non-fiction","to-read (#176), non-fiction (#165)",to-read,,,,0,,,0,,,,,
169479,The Bible Unearthed: Archaeology's New Vision of Ancient Israel and the Origin of Its Sacred Texts,Israel Finkelstein,"Finkelstein, Israel",Neil Asher Silberman,"=""0684869136""","=""9780684869131""",0,4.08,Free Press,Paperback,385,2002,2001,,2017/02/26,"to-read, non-fiction","to-read (#175), non-fiction (#164)",to-read,,,,0,,,0,,,,,
51364,Misquoting Jesus: The Story Behind Who Changed the Bible and Why,Bart D. Ehrman,"Ehrman, Bart D.",,"=""0060859512""","=""9780060859510""",0,3.90,HarperOne,Paperback,266,2007,2005,,2017/02/26,"to-read, non-fiction","to-read (#174), non-fiction (#163)",to-read,,,,0,,,0,,,,,
26435,The Problem of Pain,C.S. Lewis,"Lewis, C.S.",,"=""0006280935""","=""9780006280934""",0,4.12,HarperOne,Paperback,176,,1940,,2017/02/26,"to-read, non-fiction","to-read (#173), non-fiction (#162)",to-read,,,,0,,,0,,,,,
6101996,"Jesus, Interrupted: Revealing the Hidden Contradictions in the Bible & Why We Don't Know About Them",Bart D. Ehrman,"Ehrman, Bart D.",,"=""0061173932""","=""9780061173936""",0,3.94,HarperCollins (NY),Hardcover,304,2009,2009,,2017/02/26,"to-read, non-fiction","to-read (#172), non-fiction (#161)",to-read,,,,0,,,0,,,,,
25151238,Islam and the Future of Tolerance: A Dialogue,Sam Harris,"Harris, Sam",Maajid Nawaz,"=""0674088700""","=""9780674088702""",0,4.11,Harvard University Press ,Hardcover,138,2015,2015,,2017/02/26,"to-read, non-fiction","to-read (#171), non-fiction (#160)",to-read,,,,0,,,0,,,,,
7332753,Hitch-22: A Memoir,Christopher Hitchens,"Hitchens, Christopher",,"=""0446540331""","=""9780446540339""",0,4.03,Twelve,Hardcover,435,2010,2010,,2017/02/26,"to-read, non-fiction","to-read (#170), non-fiction (#159)",to-read,,,,0,,,0,,,,,
503150,Letters to a Young Contrarian,Christopher Hitchens,"Hitchens, Christopher",,"=""0465030335""","=""9780465030330""",0,4.15,Basic Books,Paperback,141,2005,2001,,2017/02/26,"to-read, non-fiction","to-read (#169), non-fiction (#158)",to-read,,,,0,,,0,,,,,
43369,God Is Not Great: How Religion Poisons Everything,Christopher Hitchens,"Hitchens, Christopher",,"=""0446579807""","=""9780446579803""",0,3.95,Twelve,Hardcover,307,2007,2007,,2017/02/26,"to-read, non-fiction","to-read (#168), non-fiction (#157)",to-read,,,,0,,,0,,,,,
5753,Words and Rules: The Ingredients of Language,Steven Pinker,"Pinker, Steven",,"=""0753810255""","=""9780753810255""",0,3.89,Not Avail,Paperback,397,2000,1999,,2017/02/26,"to-read, non-fiction","to-read (#167), non-fiction (#156)",to-read,,,,0,,,0,,,,,
373969,The Stuff of Thought: Language as a Window into Human Nature,Steven Pinker,"Pinker, Steven",,"=""0670063274""","=""9780670063277""",0,3.89,Viking Penguin,Hardcover,499,2007,2007,,2017/02/26,"to-read, non-fiction","to-read (#166), non-fiction (#155)",to-read,,,,0,,,0,,,,,
11107244,The Better Angels of Our Nature: Why Violence Has Declined,Steven Pinker,"Pinker, Steven",,"=""0670022950""","=""9780670022953""",0,4.19,Viking,Hardcover,802,2011,2010,,2017/02/26,"to-read, non-fiction","to-read (#165), non-fiction (#154)",to-read,,,,0,,,0,,,,,
5752,The Blank Slate: The Modern Denial of Human Nature,Steven Pinker,"Pinker, Steven",,"=""0142003344""","=""9780142003343""",0,4.06,Penguin Books,Paperback,528,2003,2002,,2017/02/26,"to-read, non-fiction","to-read (#164), non-fiction (#153)",to-read,,,,0,,,0,,,,,
835623,How the Mind Works,Steven Pinker,"Pinker, Steven",,"=""0393318486""","=""9780393318487""",0,3.97,W. W. Norton & Company,Paperback,660,1999,1997,,2017/02/26,"to-read, non-fiction","to-read (#163), non-fiction (#152)",to-read,,,,0,,,0,,,,,
10032,Essays in Existentialism,Jean-Paul Sartre,"Sartre, Jean-Paul","Wade Baskin, Jean Wahl","=""""","=""9780806501628""",0,3.98,Citadel,Paperback,448,2000,1965,,2017/02/26,"to-read, non-fiction","to-read (#162), non-fiction (#151)",to-read,,,,0,,,0,,,,,
49552,The Stranger,Albert Camus,"Camus, Albert",Matthew    Ward,"=""""","=""""",0,3.95,Vintage International,Paperback,123,1989,1942,,2017/02/26,"to-read, fiction","to-read (#161), fiction (#11)",to-read,,,,0,,,0,,,,,
11989,The Plague,Albert Camus,"Camus, Albert",Stuart Gilbert,"=""0679720219""","=""9780679720218""",0,3.97,Vintage International,Paperback,308,1991,1943,,2017/02/26,"to-read, fiction","to-read (#160), fiction (#10)",to-read,,,,0,,,0,,,,,
11987,The Myth of Sisyphus and Other Essays,Albert Camus,"Camus, Albert",Justin O'Brien,"=""0679733736""","=""9780679733737""",0,4.18,Vintage,Paperback,212,1991,1942,,2017/02/26,"to-read, non-fiction","to-read (#159), non-fiction (#150)",to-read,,,,0,,,0,,,,,
10031,The Wall,Jean-Paul Sartre,"Sartre, Jean-Paul",,"=""184391400X""","=""9781843914006""",0,4.07,Hesperus Press,,183,2005,1939,,2017/02/26,"to-read, fiction","to-read (#158), fiction (#9)",to-read,,,,0,,,0,,,,,
9462,Complete Works,Plato,"Plato, Plato","John M. Cooper, Dorothea Frede, Alexander Nehamas, Paul Woodruff, Anthony Kenny, Rosamond Kent Sprague, Nicholas D. Smith, Karen Bell, D.S. Hutchinson, Donald J. Zeyl, Francisco J. González, Diskin Clay, Malcolm Schofield, Glenn R. Morrow, Jonathan Barnes, G.M.A. Grube, Brad Inwood, Mark Joyal, Jackson P. Hershbell, J.M. Edmonds, C.D.C. Reeve, Myles Burnyeat, Nicholas P. White, Mary Louise Gill, C.J. Rowe, Stanley Lombardo, David Gallop, Jeffrey Mitscherling, Richard D. McKiharan Jr., Andrew S. Becker, Mark Reuter, M.J. Levett, Paul        Ryan","=""0872203492""","=""9780872203495""",0,4.32,Hackett Publishing Company,Hardcover,1808,1997,-385,,2017/02/26,"to-read, non-fiction","to-read (#157), non-fiction (#149)",to-read,,,,0,,,0,,,,,
30659,Meditations,Marcus Aurelius,"Aurelius, Marcus","Martin Hammond, Diskin Clay","=""0140449337""","=""9780140449334""",0,4.19,Penguin Books,Paperback,304,2006,180,,2017/02/26,"to-read, non-fiction","to-read (#156), non-fiction (#148)",to-read,,,,0,,,0,,,,,
8058415,Principles of Philosophy,René Descartes,"Descartes, René","John Veitch, Paul Hoyt-O'Connor","=""1411429370""","=""9781411429376""",0,3.65,Barnes & Noble,ebook,112,2009,1644,,2017/02/26,"to-read, non-fiction","to-read (#155), non-fiction (#147)",to-read,,,,0,,,0,,,,,
144522,Meditations and Other Metaphysical Writings,René Descartes,"Descartes, René",Desmond M. Clarke,"=""0140447016""","=""9780140447019""",0,3.65,Penguin Classics,Paperback,256,1998,1976,,2017/02/26,"to-read, non-fiction","to-read (#154), non-fiction (#146)",to-read,,,,0,,,0,,,,,
18288,Critique of Pure Reason,Immanuel Kant,"Kant, Immanuel","Paul Guyer, Allen W. Wood","=""0521657296""","=""9780521657297""",0,3.90,Cambridge University Press,Paperback,796,1999,1781,,2017/02/26,"to-read, non-fiction","to-read (#153), non-fiction (#145)",to-read,,,,0,,,0,,,,,
2713151,Introduction to Logic,Immanuel Kant,"Kant, Immanuel",,"=""0806529741""","=""9780806529745""",0,3.69,Philosophical Library,Paperback,108,1963,1800,,2017/02/26,"to-read, non-fiction","to-read (#152), non-fiction (#144)",to-read,,,,0,,,0,,,,,
1031803,The Age of Reason,Thomas Paine,"Paine, Thomas",,"=""1595479104""","=""9781595479105""",0,4.12,NuVision Publications,Paperback,180,2007,1794,,2017/02/26,"to-read, non-fiction","to-read (#151), non-fiction (#143)",to-read,,,,0,,,0,,,,,
31785,The Will to Power,Friedrich Nietzsche,"Nietzsche, Friedrich","Walter Kaufmann, R.J. Hollingdale","=""0394704371""","=""9780394704371""",0,4.03,Vintage Books,Paperback,575,2011,1901,,2017/02/26,"to-read, non-fiction","to-read (#150), non-fiction (#142)",to-read,,,,0,,,0,,,,,
13588394,The Signal and the Noise: Why So Many Predictions Fail - But Some Don't,Nate Silver,"Silver, Nate",,"=""159420411X""","=""9781594204111""",0,3.96,Penguin,Hardcover,544,2012,2012,,2017/02/26,"to-read, non-fiction","to-read (#149), non-fiction (#141)",to-read,,,,0,,,0,,,,,
3209381,"The Lightness of Being: Mass, Ether, and the Unification of Forces",Frank Wilczek,"Wilczek, Frank",,"=""0465003214""","=""9780465003211""",0,3.98,Basic Books,Hardcover,292,2008,2008,,2017/02/26,"to-read, non-fiction","to-read (#148), non-fiction (#140)",to-read,,,,0,,,0,,,,,
2296,"Emergence: The Connected Lives of Ants, Brains, Cities, and Software",Steven Johnson,"Johnson, Steven",,"=""0684868768""","=""9780684868769""",0,3.96,Scribner,Paperback,288,2002,2001,,2017/02/26,"to-read, non-fiction","to-read (#147), non-fiction (#139)",to-read,,,,0,,,0,,,,,
8520362,The Grand Design,Stephen Hawking,"Hawking, Stephen",Leonard Mlodinow,"=""0553805371""","=""9780553805376""",0,4.00,Bantam,Hardcover,199,2010,2010,,2017/02/26,"to-read, non-fiction","to-read (#146), non-fiction (#138)",to-read,,,,0,,,0,,,,,
242472,The Black Swan: The Impact of the Highly Improbable,Nassim Nicholas Taleb,"Taleb, Nassim Nicholas",,"=""1400063515""","=""9781400063512""",0,3.88,Random House ,Hardcover,401,2007,2007,,2017/02/26,"to-read, non-fiction","to-read (#145), non-fiction (#137)",to-read,,,,0,,,0,,,,,
291920,The Character of Physical Law,Richard Feynman,"Feynman, Richard",James Gleick,"=""0679601279""","=""9780679601272""",0,4.27,Modern Library,Hardcover,192,1994,1964,,2017/02/26,"to-read, non-fiction","to-read (#144), non-fiction (#136)",to-read,,,,0,,,0,,,,,
6779,"Six Not-So-Easy Pieces: Einstein's Relativity, Symmetry, and Space-Time",Richard Feynman,"Feynman, Richard",Roger Penrose,"=""0465023932""","=""9780465023936""",0,4.19,Basic Books,Paperback,184,2005,1963,,2017/02/26,"to-read, non-fiction","to-read (#143), non-fiction (#135)",to-read,,,,0,,,0,,,,,
12672387,The Quantum Universe: Everything That Can Happen Does Happen,Brian Cox,"Cox, Brian",Jeffrey R. Forshaw,"=""1846144329""","=""9781846144325""",0,3.77,Allen Lane,Hardcover,256,2011,2011,,2017/02/26,"to-read, non-fiction","to-read (#142), non-fiction (#134)",to-read,,,,0,,,0,,,,,
5958783,Why Does E=mc²? (And Why Should We Care?),Brian Cox,"Cox, Brian",Jeffrey R. Forshaw,"=""0306817586""","=""9780306817588""",0,3.99,Da Capo Press,Hardcover,264,2009,2009,,2017/02/26,"to-read, non-fiction","to-read (#141), non-fiction (#133)",to-read,,,,0,,,0,,,,,
18210750,Quantum Mechanics: The Theoretical Minimum (Theoretical Minimum #2),Leonard Susskind,"Susskind, Leonard",Art Friedman,"=""0465036678""","=""9780465036677""",0,4.27,Basic Books,Hardcover,364,2014,2014,,2017/02/26,"to-read, non-fiction","to-read (#140), non-fiction (#132)",to-read,,,,0,,,0,,,,,
13058637,Subliminal: How Your Unconscious Mind Rules Your Behavior,Leonard Mlodinow,"Mlodinow, Leonard",,"=""0307378217""","=""9780307378217""",0,4.03,Pantheon,Hardcover,260,2012,2012,,2017/02/26,"to-read, non-fiction","to-read (#139), non-fiction (#131)",to-read,,,,0,,,0,,,,,
296420,Comet,Carl Sagan,"Sagan, Carl",Ann Druyan,"=""0345412222""","=""9780345412225""",0,4.01,Ballantine Books,Paperback,432,1997,1985,,2017/02/26,"to-read, non-fiction","to-read (#138), non-fiction (#130)",to-read,,,,0,,,0,,,,,
61662,Shadows of Forgotten Ancestors,Carl Sagan,"Sagan, Carl",Ann Druyan,"=""0345384725""","=""9780345384720""",0,4.24,Ballantine Books,Paperback,505,1993,1992,,2017/02/26,"to-read, non-fiction","to-read (#137), non-fiction (#129)",to-read,,,,0,,,0,,,,,
61661,The Varieties of Scientific Experience: A Personal View of the Search for God,Carl Sagan,"Sagan, Carl",Ann Druyan,"=""1594201072""","=""9781594201073""",0,4.28,"Penguin Press HC, The",Hardcover,284,2006,2006,,2017/02/26,"to-read, non-fiction","to-read (#136), non-fiction (#128)",to-read,,,,0,,,0,,,,,
485812,Broca's Brain: Reflections on the Romance of Science,Carl Sagan,"Sagan, Carl",,"=""0345336895""","=""9780345336897""",0,4.03,Ballantine Books,Mass Market Paperback,398,1986,1979,,2017/02/26,"to-read, non-fiction","to-read (#135), non-fiction (#127)",to-read,,,,0,,,0,,,,,
32276,Dragons of Eden: Speculations on the Evolution of Human Intelligence,Carl Sagan,"Sagan, Carl",,"=""0345346297""","=""9780345346292""",0,4.16,Ballantine Books,Paperback,271,1986,1977,,2017/02/26,"to-read, non-fiction","to-read (#134), non-fiction (#126)",to-read,,,,0,,,0,,,,,
61663,Pale Blue Dot: A Vision of the Human Future in Space,Carl Sagan,"Sagan, Carl",Ann Druyan,"=""0345376595""","=""9780345376596""",0,4.32,Ballantine Books,Paperback,384,1997,1994,,2017/02/26,"to-read, non-fiction","to-read (#133), non-fiction (#125)",to-read,,,,0,,,0,,,,,
17349,The Demon-Haunted World: Science as a Candle in the Dark,Carl Sagan,"Sagan, Carl",Ann Druyan,"=""0345409469""","=""9780345409461""",0,4.27,Ballantine Books,Paperback,457,1997,1995,,2017/02/26,"to-read, non-fiction","to-read (#132), non-fiction (#124)",to-read,,,,0,,,0,,,,,
61666,Contact,Carl Sagan,"Sagan, Carl",,"=""2266079999""","=""9782266079990""",0,4.10,Pocket,Mass Market Paperback,580,1997,1985,,2017/02/26,"to-read, fiction","to-read (#131), fiction (#8)",to-read,,,,0,,,0,,,,,
55030,Cosmos,Carl Sagan,"Sagan, Carl",,"=""0375508325""","=""9780375508325""",0,4.35,Random House,Mass Market Paperback,384,2002,1980,,2017/02/26,"to-read, non-fiction","to-read (#130), non-fiction (#123)",to-read,,,,0,,,0,,,,,
64582,Chaos: Making a New Science,James Gleick,"Gleick, James",,"=""0140092501""","=""9780140092509""",0,3.97,Penguin Books,Paperback,352,1988,1987,,2017/02/26,"to-read, non-fiction","to-read (#129), non-fiction (#122)",to-read,,,,0,,,0,,,,,
8174588,The Shape of Inner Space: String Theory and the Geometry of the Universe's Hidden Dimensions,Shing-Tung Yau,"Yau, Shing-Tung",Steve Nadis,"=""0465020232""","=""9780465020232""",0,3.93,Basic Books,Hardcover,400,2010,2010,,2017/02/26,"to-read, non-fiction","to-read (#128), non-fiction (#121)",to-read,,,,0,,,0,,,,,
271361,e: the Story of a Number,Eli Maor,"Maor, Eli",,"=""0691058547""","=""9780691058542""",0,3.89,Princeton University Press,Paperback,248,1998,1993,,2017/02/26,"to-read, non-fiction","to-read (#127), non-fiction (#120)",to-read,,,,0,,,0,,,,,
551722,Unknown Quantity: A Real and Imaginary History of Algebra,John Derbyshire,"Derbyshire, John",,"=""0452288533""","=""9780452288539""",0,3.84,Plume,Paperback,374,2007,2006,,2017/02/26,"to-read, non-fiction","to-read (#126), non-fiction (#119)",to-read,,,,0,,,0,,,,,
261830,"The God Particle: If the Universe Is the Answer, What Is the Question?",Leon M. Lederman,"Lederman, Leon M.",Dick Teresi,"=""0385312113""","=""9780385312110""",0,4.10,Delta,Paperback,448,1994,1993,,2017/02/26,"to-read, non-fiction","to-read (#125), non-fiction (#118)",to-read,,,,0,,,0,,,,,
2161966,The Black Hole War: My Battle with Stephen Hawking to Make the World Safe for Quantum Mechanics,Leonard Susskind,"Susskind, Leonard",,"=""0316016403""","=""9780316016407""",0,4.08,"Little, Brown and Company",Hardcover,480,2008,2008,,2017/02/26,"to-read, non-fiction","to-read (#124), non-fiction (#117)",to-read,,,,0,,,0,,,,,
20663770,Death by Black Hole: And Other Cosmic Quandaries,Neil deGrasse Tyson,"Tyson, Neil deGrasse",,"=""039335038X""","=""9780393350388""",0,4.11,W. W. Norton & Company,Paperback,384,2014,2006,,2017/02/26,"to-read, non-fiction","to-read (#123), non-fiction (#116)",to-read,,,,0,,,0,,,,,
8049273,"The Elegant Universe: Superstrings, Hidden Dimensions, and the Quest for the Ultimate Theory",Brian Greene,"Greene, Brian",,"=""039333810X""","=""9780393338102""",0,4.06,W. W. Norton & Company,Paperback,464,2010,1999,,2017/02/26,"to-read, non-fiction","to-read (#122), non-fiction (#115)",to-read,,,,0,,,0,,,,,
3869,A Brief History of Time,Stephen Hawking,"Hawking, Stephen",,"=""0553380168""","=""9780553380163""",0,4.11,Bantam Books,Paperback,212,1998,1987,,2017/02/26,"to-read, non-fiction","to-read (#121), non-fiction (#114)",to-read,,,,0,,,0,,,,,
1244856,Symmetry: A Journey into the Patterns of Nature,Marcus du Sautoy,"Sautoy, Marcus du",,"=""0060789409""","=""9780060789404""",0,3.76,Harper,Hardcover,384,2008,2007,,2017/02/26,"to-read, non-fiction","to-read (#120), non-fiction (#113)",to-read,,,,0,,,0,,,,,
51287,Incompleteness: The Proof and Paradox of Kurt Gödel (Great Discoveries),Rebecca Goldstein,"Goldstein, Rebecca",,"=""0393327604""","=""9780393327601""",0,3.94,W. W. Norton & Company,Paperback,224,2006,2005,,2017/02/26,"to-read, non-fiction","to-read (#119), non-fiction (#112)",to-read,,,,0,,,0,,,,,
218392,Prime Obsession: Bernhard Riemann and the Greatest Unsolved Problem in Mathematics,John Derbyshire,"Derbyshire, John",,"=""0452285259""","=""9780452285255""",0,4.06,Plume,Paperback,422,,2003,,2017/02/26,"to-read, non-fiction","to-read (#118), non-fiction (#111)",to-read,,,,0,,,0,,,,,
79082,Symmetry and the Monster: One of the Greatest Quests of Mathematics,Mark Ronan,"Ronan, Mark",,"=""0192807226""","=""9780192807229""",0,3.71,"Oxford University Press, USA",Hardcover,255,2006,2006,,2017/02/26,"to-read, non-fiction","to-read (#117), non-fiction (#110)",to-read,,,,0,,,0,,,,,
2272880,The Drunkard's Walk: How Randomness Rules Our Lives,Leonard Mlodinow,"Mlodinow, Leonard",,"=""0375424040""","=""9780375424045""",0,3.87,Pantheon,Hardcover,252,2008,2008,,2017/02/26,"to-read, non-fiction","to-read (#116), non-fiction (#109)",to-read,,,,0,,,0,,,,,
5535337,Diophantus of Alexandria: A Study in the History of Greek Algebra (1910),Thomas L. Heath,"Heath, Thomas L.",,"=""1436537207""","=""9781436537209""",0,4.00,Kessinger Publishing,Hardcover,398,2008,2007,,2017/02/26,"to-read, non-fiction","to-read (#115), non-fiction (#108)",to-read,,,,0,,,0,,,,,
1179235,Treatise On Conic Sections,Thomas L. Heath,"Heath, Thomas L.",,"=""1578983797""","=""9781578983797""",0,4.25,Martino Fine Books,Unknown Binding,254,2002,2002,,2017/02/26,"to-read, non-fiction","to-read (#114), non-fiction (#107)",to-read,,,,0,,,0,,,,,
53742,Foundations of Analysis,Edmund Landau,"Landau, Edmund",,"=""082182693X""","=""9780821826935""",0,4.41,American Mathematical Society(RI),Hardcover,136,2001,2001,,2017/02/26,"to-read, non-fiction","to-read (#113), non-fiction (#106)",to-read,,,,0,,,0,,,,,
214441,Euclid's Elements,Euclid,"Euclid, Euclid","Thomas L. Heath, Dana Densmore","=""1888009195""","=""9781888009194""",0,4.27,Green Lion Press,Paperback,499,2002,-290,,2017/02/26,"to-read, non-fiction","to-read (#112), non-fiction (#105)",to-read,,,,0,,,0,,,,,
1398393,The Works of Archimedes,Archimedes,"Archimedes, Archimedes",Thomas L. Heath,"=""0486420841""","=""9780486420844""",0,4.26,Dover Publications,Paperback,576,2002,1897,,2017/02/26,"to-read, non-fiction","to-read (#111), non-fiction (#104)",to-read,,,,0,,,0,,,,,
32680336,The Mathematical Principles of Natural Philosophy: The Principia,Isaac Newton,"Newton, Isaac",Andrew Motte,"=""1512245844""","=""9781512245844""",0,0.0,CreateSpace Independent Publishing Platform,Paperback,408,2015,,,2017/02/26,"to-read, non-fiction","to-read (#110), non-fiction (#103)",to-read,,,,0,,,0,,,,,
144526,The Geometry of René Descartes: with a Facsimile of the First Edition,René Descartes,"Descartes, René","Marcia L. Latham, David Eugene Smith","=""0486600688""","=""9780486600680""",0,4.10,Dover Publications,Paperback,244,1954,1637,,2017/02/26,"to-read, non-fiction","to-read (#109), non-fiction (#102)",to-read,,,,0,,,0,,,,,
15852,Relativity: The Special and the General Theory,Albert Einstein,"Einstein, Albert","Nigel Calder, Robert W. Lawson","=""0143039822""","=""9780143039822""",0,4.16,Penguin Classics,Paperback,130,2006,1916,,2017/02/26,"to-read, non-fiction","to-read (#108), non-fiction (#101)",to-read,,,,0,,,0,,,,,
2333956,The Annotated Turing: A Guided Tour Through Alan Turing's Historic Paper on Computability and the Turing Machine,Charles Petzold,"Petzold, Charles",,"=""0470229055""","=""9780470229057""",0,4.14,John Wiley & Sons,Paperback,372,2008,2008,,2017/02/26,"to-read, non-fiction","to-read (#107), non-fiction (#100)",to-read,,,,0,,,0,,,,,
3175355,A Profile of Mathematical Logic,Howard DeLong,"DeLong, Howard",,"=""0486434753""","=""9780486434759""",0,4.22,Dover Publications Inc.,Paperback,320,2004,2004,,2017/02/26,"to-read, non-fiction","to-read (#106), non-fiction (#99)",to-read,,,,0,,,0,,,,,
356387,Foundations and Fundamental Concepts of Mathematics,Howard W. Eves,"Eves, Howard W.",,"=""048669609X""","=""9780486696096""",0,3.94,Dover Publications,Paperback,368,1997,1997,,2017/02/26,"to-read, non-fiction","to-read (#105), non-fiction (#98)",to-read,,,,0,,,0,,,,,
416314,Linear Algebra,Georgi E. Shilov,"Shilov, Georgi E.",Richard A. Silverman,"=""048663518X""","=""9780486635187""",0,4.00,Dover Publications,Paperback,400,1977,1971,,2017/02/26,"to-read, non-fiction","to-read (#104), non-fiction (#97)",to-read,,,,0,,,0,,,,,
7971861,Algebras of Holomorphic Functions and Control Theory,Amol Sasane,"Sasane, Amol",,"=""0486474658""","=""9780486474656""",0,5.00,Dover Publications,Paperback,160,2009,2009,,2017/02/26,"to-read, non-fiction","to-read (#103), non-fiction (#96)",to-read,,,,0,,,0,,,,,
116420,Introduction to Topology,Bert Mendelson,"Mendelson, Bert",,"=""0486663523""","=""9780486663524""",0,3.95,Dover Publications,Paperback,224,1990,1975,,2017/02/26,"to-read, non-fiction","to-read (#102), non-fiction (#95)",to-read,,,,0,,,0,,,,,
722399,Elementary Matrix Theory,Howard Eves,"Eves, Howard",,"=""0486639460""","=""9780486639468""",0,3.75,Dover Publications,Paperback,352,1980,1980,,2017/02/26,"to-read, non-fiction","to-read (#101), non-fiction (#94)",to-read,,,,0,,,0,,,,,
164583,Ordinary Differential Equations,Morris Tenenbaum,"Tenenbaum, Morris",Harry Pollard,"=""0486649407""","=""9780486649405""",0,3.98,Dover Publications,Paperback,832,1985,1985,,2017/02/26,"to-read, non-fiction","to-read (#100), non-fiction (#93)",to-read,,,,0,,,0,,,,,
770944,"Differential Games: A Mathematical Theory with Applications to Warfare and Pursuit, Control and Optimization",Rufus Isaacs,"Isaacs, Rufus",,"=""0486406822""","=""9780486406824""",0,4.40,Dover Publications,Paperback,416,1999,1999,,2017/02/26,"to-read, non-fiction","to-read (#99), non-fiction (#92)",to-read,,,,0,,,0,,,,,
274063,"Geometry, Relativity and the Fourth Dimension",Rudy Rucker,"Rucker, Rudy",,"=""0486234002""","=""9780486234007""",0,4.24,Dover Publications,Paperback,160,1977,1977,,2017/02/26,"to-read, non-fiction","to-read (#98), non-fiction (#91)",to-read,,,,0,,,0,,,,,
585553,Number Theory,George E. Andrews,"Andrews, George E.",,"=""0486682528""","=""9780486682525""",0,4.00,Dover Publications,Paperback,288,1994,2012,,2017/02/26,"to-read, non-fiction","to-read (#97), non-fiction (#90)",to-read,,,,0,,,0,,,,,
2332804,Introduction to Probability,John E. Freund,"Freund, John E.",,"=""0486675491""","=""9780486675497""",0,3.50,Dover Publications,Paperback,272,1993,1993,,2017/02/26,"to-read, non-fiction","to-read (#96), non-fiction (#89)",to-read,,,,0,,,0,,,,,
9617768,New Directions in Hopf Algebras,Susan Montgomery,"Montgomery, Susan",Hans-Jurgen Schneider,"=""052112431X""","=""9780521124317""",0,0.0,Cambridge University Press,Paperback,496,2009,2009,,2017/02/26,"to-read, non-fiction","to-read (#95), non-fiction (#88)",to-read,,,,0,,,0,,,,,
739735,How to Prove It: A Structured Approach,Daniel J. Velleman,"Velleman, Daniel J.",,"=""0521675995""","=""9780521675994""",0,4.18,Cambridge University Press,Paperback,384,2006,1994,,2017/02/26,"to-read, non-fiction","to-read (#94), non-fiction (#87)",to-read,,,,0,,,0,,,,,
202447,Elementary Real and Complex Analysis,Georgi E. Shilov,"Shilov, Georgi E.",Richard A. Silverman,"=""0486689220""","=""9780486689227""",0,4.00,Dover Publications,Paperback,544,1996,1996,,2017/02/26,"to-read, non-fiction","to-read (#93), non-fiction (#86)",to-read,,,,0,,,0,,,,,
748824,Riemann's Zeta Function,Harold M. Edwards,"Edwards, Harold M.",,"=""0486417409""","=""9780486417400""",0,4.21,Dover Publications,Paperback,336,2001,1974,,2017/02/26,"to-read, non-fiction","to-read (#92), non-fiction (#85)",to-read,,,,0,,,0,,,,,
8295305,A Book of Abstract Algebra,Charles C. Pinter,"Pinter, Charles C.",,"=""0486474178""","=""9780486474175""",0,4.30,Dover Publications,Paperback,400,2010,1982,,2017/02/26,"to-read, non-fiction","to-read (#91), non-fiction (#84)",to-read,,,,0,,,0,,,,,
450366,Calculus: An Intuitive and Physical Approach,Morris Kline,"Kline, Morris",,"=""0486404536""","=""9780486404530""",0,4.22,Dover Publications,Paperback,960,1998,1967,,2017/02/26,"to-read, non-fiction","to-read (#90), non-fiction (#83)",to-read,,,,0,,,0,,,,,
593615,Applied Combinatorics,Alan Tucker,"Tucker, Alan",,"=""0471735078""","=""9780471735076""",0,3.69,Wiley,Hardcover,496,2006,1978,,2017/02/26,"to-read, non-fiction","to-read (#89), non-fiction (#82)",to-read,,,,0,,,0,,,,,
6822034,Elliptic Partial Differential Equations and Quasiconformal Mappings in the Plane,Kari Astala,"Astala, Kari","Tadeusz Iwaniec, Gaven Martin","=""0691137773""","=""9780691137773""",0,2.00,Princeton University Press,Hardcover,677,2008,2008,,2017/02/26,"to-read, non-fiction","to-read (#88), non-fiction (#81)",to-read,,,,0,,,0,,,,,
1471873,The Princeton Companion to Mathematics,Timothy Gowers,"Gowers, Timothy","June Barrow-Green, Imre Leader","=""0691118809""","=""9780691118802""",0,4.40,Princeton University Press,Hardcover,1056,2008,2007,,2017/02/26,"to-read, non-fiction","to-read (#87), non-fiction (#80)",to-read,,,,0,,,0,,,,,
238558,A New Kind of Science,Stephen Wolfram,"Wolfram, Stephen",,"=""1579550088""","=""9781579550080""",0,3.55,Wolfram Media,Hardcover,1197,2002,1997,,2017/02/26,"to-read, non-fiction","to-read (#86), non-fiction (#79)",to-read,,,,0,,,0,,,,,
2041749,Abel's Proof: An Essay on the Sources and Meaning of Mathematical Unsolvability,Peter Pesic,"Pesic, Peter",,"=""0262661829""","=""9780262661829""",0,3.75,MIT Press (MA),Paperback,213,2004,2003,,2017/02/26,"to-read, non-fiction","to-read (#85), non-fiction (#78)",to-read,,,,0,,,0,,,,,
22775338,A Book of Set Theory (Dover Books on Mathematics),Charles C. Pinter,"Pinter, Charles C.",,"=""""","=""""",0,4.40,Dover Publications,Kindle Edition,256,2014,2013,,2017/02/26,"to-read, non-fiction","to-read (#84), non-fiction (#77)",to-read,,,,0,,,0,,,,,
19395553,Our Mathematical Universe: My Quest for the Ultimate Nature of Reality,Max Tegmark,"Tegmark, Max",,"=""1846144760""","=""9781846144769""",0,4.11,Allen Lane,Hardcover,432,2014,2013,,2017/02/26,"to-read, non-fiction","to-read (#83), non-fiction (#76)",to-read,,,,0,,,0,,,,,
2825733,Applied Abstract Algebra,David Joyner,"Joyner, David","Richard Kreminski, Joann Turisco","=""0801878225""","=""9780801878220""",0,0.0,Johns Hopkins University Press,Hardcover,344,2004,2004,,2017/02/26,"to-read, non-fiction","to-read (#82), non-fiction (#75)",to-read,,,,0,,,0,,,,,
21413662,What If?: Serious Scientific Answers to Absurd Hypothetical Questions,Randall Munroe,"Munroe, Randall",,"=""0544272994""","=""9780544272996""",0,4.16,Houghton Mifflin Harcourt,Hardcover,303,2014,2014,,2017/02/26,"to-read, non-fiction","to-read (#81), non-fiction (#74)",to-read,,,,0,,,0,,,,,
416313,Introduction to Linear Algebra,Lee W. Johnson,"Johnson, Lee W.","R. Dean Riess, Jimmy T. Arnold","=""0201658593""","=""9780201658590""",0,3.39,Pearson,Hardcover,624,2001,1981,,2017/02/26,"to-read, non-fiction","to-read (#80), non-fiction (#73)",to-read,,,,0,,,0,,,,,
7144,Crime and Punishment,Fyodor Dostoyevsky,"Dostoyevsky, Fyodor",David McDuff,"=""0143058142""","=""9780143058144""",0,4.18,Penguin,Paperback,545,2002,1866,,2017/02/26,"to-read, fiction","to-read (#79), fiction (#7)",to-read,,,,0,,,0,,,,,
12505,The Idiot,Fyodor Dostoyevsky,"Dostoyevsky, Fyodor","Constance Garnett, Joseph Frank, Anna Brailovsky","=""0679642420""","=""9780679642428""",0,4.18,Modern Library,Paperback,667,2003,1868,,2017/02/26,"to-read, fiction","to-read (#78), fiction (#6)",to-read,,,,0,,,0,,,,,
4934,The Brothers Karamazov,Fyodor Dostoyevsky,"Dostoyevsky, Fyodor","Richard Pevear, Larissa Volokhonsky","=""0374528373""","=""9780374528379""",0,4.30,"Farrar, Straus and Giroux",Paperback,795,2002,1880,,2017/02/26,"to-read, fiction","to-read (#77), fiction (#5)",to-read,,,,0,,,0,,,,,
18822,The Possessed,Fyodor Dostoyevsky,"Dostoyevsky, Fyodor","Constance Garnett, Elizabeth Dalton","=""1593082509""","=""9781593082505""",0,4.25,Barnes & Noble,Paperback,768,2005,1872,,2017/02/26,"to-read, fiction","to-read (#76), fiction (#4)",to-read,,,,0,,,0,,,,,
33891,$30 Music School [With CD],Michael W. Dean,"Dean, Michael W.",,"=""1592001718""","=""9781592001712""",0,4.27,Muska & Lipman Publishing,Paperback,517,2003,2003,,2017/02/26,"to-read, non-fiction","to-read (#75), non-fiction (#72)",to-read,,,,0,,,0,,,,,
6916961,Although of Course You End Up Becoming Yourself: A Road Trip with David Foster Wallace,David Lipsky,"Lipsky, David",,"=""030759243X""","=""9780307592439""",0,3.89,Broadway,Paperback,320,2010,2010,,2017/02/26,"to-read, non-fiction","to-read (#74), non-fiction (#71)",to-read,,,,0,,,0,,,,,
180116,"Awaken the Giant Within: How to Take Immediate Control of Your Mental, Emotional, Physical and Financial Destiny!",Anthony Robbins,"Robbins, Anthony","Tony Robbins, Frederick L. Covan","=""0671791540""","=""9780671791544""",0,4.10,Free Press,Paperback,544,1992,1990,,2017/02/26,"to-read, non-fiction","to-read (#73), non-fiction (#70)",to-read,,,,0,,,0,,,,,
45771,Signifying Rappers: Rap and Race in the Urban Present,David Foster Wallace,"Wallace, David Foster",Mark Costello,"=""0880015357""","=""9780880015356""",0,3.33,Ecco Press,Paperback,140,2012,1990,,2017/02/26,"to-read, non-fiction","to-read (#72), non-fiction (#69)",to-read,,,,0,,,0,,,,,
203310,"Poetry, Language, Thought",Martin Heidegger,"Heidegger, Martin",Albert Hofstadter,"=""0060937289""","=""9780060937287""",0,4.14,Harper Perennial Modern Classics,Paperback,256,2013,1971,,2017/02/26,"to-read, non-fiction","to-read (#71), non-fiction (#68)",to-read,,,,0,,,0,,,,,
4865,How to Win Friends and Influence People,Dale Carnegie,"Carnegie, Dale",,"=""""","=""9780671723651""",0,4.13,Gallery Books,Paperback,288,1998,1936,,2017/02/26,"to-read, non-fiction","to-read (#70), non-fiction (#67)",to-read,,,,0,,,0,,,,,
534289,The I Ching or Book of Changes,Anonymous,"Anonymous, Anonymous","Richard Wilhelm, Cary F. Baynes, C.G. Jung","=""069109750X""","=""9780691097503""",0,4.18,Princeton University Press (NJ),Hardcover,740,1967,-750,,2017/02/26,"to-read, non-fiction","to-read (#69), non-fiction (#66)",to-read,,,,0,,,0,,,,,
26778100,The Sparkfun Guide to Processing: Create Interactive Art with Code,Derek Runberg,"Runberg, Derek",,"=""1593276125""","=""9781593276126""",0,3.33,No Starch Press,Paperback,312,2015,2015,,2017/02/26,"to-read, non-fiction","to-read (#68), non-fiction (#65)",to-read,,,,0,,,0,,,,,
1028023,"Music, Physics and Engineering",Harry F. Olson,"Olson, Harry F.",,"=""0486217698""","=""9780486217697""",0,4.00,Dover Publications,Paperback,480,1967,1967,,2017/02/26,"to-read, non-fiction","to-read (#67), non-fiction (#64)",to-read,,,,0,,,0,,,,,
30553,The Road to Wigan Pier,George Orwell,"Orwell, George",,"=""0141185295""","=""9780141185293""",0,3.87,Penguin Classics,Paperback,215,2001,1937,,2017/02/26,"to-read, non-fiction","to-read (#66), non-fiction (#63)",to-read,,,,0,,,0,,,,,
545759,Man's Search for Ultimate Meaning,Viktor E. Frankl,"Frankl, Viktor E.",Swanee Hunt,"=""0738203548""","=""9780738203546""",0,4.09,Basic Books,Paperback,208,2000,,,2017/02/26,"to-read, non-fiction","to-read (#65), non-fiction (#62)",to-read,,,,0,,,0,,,,,
4069,Man's Search for Meaning,Viktor E. Frankl,"Frankl, Viktor E.",,"=""080701429X""","=""9780807014295""",0,4.33,Beacon Press,Paperback,184,2006,1946,,2017/02/26,"to-read, non-fiction","to-read (#64), non-fiction (#61)",to-read,,,,0,,,0,,,,,
646175,Modern Man in Search of a Soul,C.G. Jung,"Jung, C.G.",,"=""0156612062""","=""9780156612067""",0,4.14,Harcourt Harvest,Paperback,244,1955,1933,,2017/02/26,"to-read, non-fiction","to-read (#63), non-fiction (#60)",to-read,,,,0,,,0,,,,,
174879,On Becoming a Person: A Therapist's View of Psychotherapy,Carl R. Rogers,"Rogers, Carl R.",Peter D. Kramer,"=""039575531X""","=""9780395755310""",0,4.10,Mariner Books,Paperback,420,1995,1961,,2017/02/26,"to-read, non-fiction","to-read (#62), non-fiction (#59)",to-read,,,,0,,,0,,,,,
174876,A Way of Being,Carl R. Rogers,"Rogers, Carl R.",Irvin D. Yalom,"=""0395755301""","=""9780395755303""",0,4.24,Mariner Books,Paperback,395,1995,1980,,2017/02/26,"to-read, non-fiction","to-read (#61), non-fiction (#58)",to-read,,,,0,,,0,,,,,
18693669,The Organized Mind: Thinking Straight in the Age of Information Overload,Daniel J. Levitin,"Levitin, Daniel J.",,"=""052595418X""","=""9780525954187""",0,3.68,Dutton,Hardcover,528,2014,2014,,2017/02/26,"to-read, non-fiction","to-read (#60), non-fiction (#57)",to-read,,,,0,,,0,,,,,
144960,The Conscious Mind: In Search of a Fundamental Theory ,David J. Chalmers,"Chalmers, David J.",,"=""0195117891""","=""9780195117899""",0,3.96,"Oxford University Press, USA",Paperback,432,1997,1996,,2017/02/26,"to-read, non-fiction","to-read (#59), non-fiction (#56)",to-read,,,,0,,,0,,,,,
1114414,Mathematics: Queen and Servant of Science,Eric Temple Bell,"Bell, Eric Temple",,"=""0883854473""","=""9780883854471""",0,4.24,Mathematical Association of America (MAA),Paperback,463,1996,1952,,2017/02/26,"to-read, non-fiction","to-read (#58), non-fiction (#55)",to-read,,,,0,,,0,,,,,
20527133,"Superintelligence: Paths, Dangers, Strategies",Nick Bostrom,"Bostrom, Nick",,"=""0199678111""","=""9780199678112""",0,3.84,Oxford University Press (UK),Hardcover,328,2014,2014,,2017/02/26,"to-read, non-fiction","to-read (#57), non-fiction (#54)",to-read,,,,0,,,0,,,,,
11324722,The Righteous Mind: Why Good People are Divided by Politics and Religion,Jonathan Haidt,"Haidt, Jonathan",,"=""0307377903""","=""9780307377906""",0,4.13,Pantheon,Hardcover,318,2012,2012,,2017/02/26,"to-read, non-fiction","to-read (#56), non-fiction (#53)",to-read,,,,0,,,0,,,,,
53328,The Message of the Sphinx: A Quest for the Hidden Legacy of Mankind,Graham Hancock,"Hancock, Graham",Robert Bauval,"=""0517888521""","=""9780517888520""",0,3.88,Broadway Books,Paperback,384,1997,1995,,2017/02/26,"to-read, non-fiction","to-read (#55), non-fiction (#52)",to-read,,,,0,,,0,,,,,
33025,Underworld: The Mysterious Origins of Civilization,Graham Hancock,"Hancock, Graham",,"=""1400049512""","=""9781400049516""",0,3.92,Three Rivers Press,Paperback,784,2003,2002,,2017/02/26,"to-read, non-fiction","to-read (#54), non-fiction (#51)",to-read,,,,0,,,0,,,,,
23453106,A Beautiful Question: Finding Nature's Deep Design,Frank Wilczek,"Wilczek, Frank",,"=""1594205264""","=""9781594205262""",0,3.91,Penguin Press,Hardcover,448,2015,2015,,2017/02/26,"to-read, non-fiction","to-read (#53), non-fiction (#50)",to-read,,,,0,,,0,,,,,
7570396,Pauli and Jung: The Meeting of Two Great Minds,David Lindorff,"Lindorff, David",,"=""0835608875""","=""9780835608879""",0,4.10,Quest Books,Paperback,299,2004,2004,,2017/02/26,"to-read, non-fiction","to-read (#52), non-fiction (#49)",to-read,,,,0,,,0,,,,,
616208,Euclid's Window: The Story of Geometry from Parallel Lines to Hyperspace,Leonard Mlodinow,"Mlodinow, Leonard",,"=""0684865246""","=""9780684865249""",0,3.83,The Free Press,Paperback,308,2002,2001,,2017/02/26,"to-read, non-fiction","to-read (#51), non-fiction (#48)",to-read,,,,0,,,0,,,,,
260291,"Art and Physics: Parallel Visions in Space, Time, and Light",Leonard Shlain,"Shlain, Leonard",,"=""0688123058""","=""9780688123055""",0,4.13,William Morrow,Paperback,480,1993,1993,,2017/02/26,"to-read, non-fiction","to-read (#50), non-fiction (#47)",to-read,,,,0,,,0,,,,,
19795,Power vs. Force,David R. Hawkins,"Hawkins, David R.",,"=""1561709336""","=""9781561709335""",0,4.22,Hay House,Paperback,310,2002,1985,,2017/02/26,"to-read, non-fiction","to-read (#49), non-fiction (#46)",to-read,,,,0,,,0,,,,,
118397,The Lucifer Principle: A Scientific Expedition into the Forces of History,Howard Bloom,"Bloom, Howard",David Sloan Wilson,"=""0871136643""","=""9780871136640""",0,4.07,Atlantic Monthly Press,Paperback,466,1997,1995,,2017/02/26,"to-read, non-fiction","to-read (#48), non-fiction (#45)",to-read,,,,0,,,0,,,,,
14830222,Geometry of Desert,Shelly Kagan,"Kagan, Shelly",,"=""0199895597""","=""9780199895595""",0,3.33,OUP Us,Hardcover,688,2012,2012,,2017/02/26,"to-read, non-fiction","to-read (#47), non-fiction (#44)",to-read,,,,0,,,0,,,,,
1291673,The Fall of Troy,Quintus Smyrnaeus,"Smyrnaeus, Quintus",,"=""0760768366""","=""9780760768365""",0,3.98,Not Avail,Hardcover,303,2005,350,,2017/02/26,"to-read, non-fiction","to-read (#46), non-fiction (#43)",to-read,,,,0,,,0,,,,,
26131,The Classical World: An Epic History from Homer to Hadrian,Robin Lane Fox,"Fox, Robin Lane",,"=""0465024963""","=""9780465024964""",0,3.89,Basic Books,Hardcover,672,2006,2005,,2017/02/26,"to-read, non-fiction","to-read (#45), non-fiction (#42)",to-read,,,,0,,,0,,,,,
183903,"Constantine's Sword: The Church and the Jews, A History",James Carroll,"Carroll, James",,"=""0618219080""","=""9780618219087""",0,4.06,Mariner Books/Houghton Mifflin Co. (NY/Boston),Paperback,756,2002,2001,,2017/02/26,"to-read, non-fiction","to-read (#44), non-fiction (#41)",to-read,,,,0,,,0,,,,,
18295858,Frog Music,Emma Donoghue,"Donoghue, Emma",,"=""031632468X""","=""9780316324687""",0,3.13,"Little, Brown and Company",Hardcover,416,2014,2014,,2017/02/26,"to-read, fiction","to-read (#43), fiction (#3)",to-read,,,,0,,,0,,,,,
13707734,The Swerve: How the World Became Modern,Stephen Greenblatt,"Greenblatt, Stephen",,"=""0393343405""","=""9780393343403""",0,3.83,W. W. Norton & Company,Paperback,356,2012,2011,,2017/02/26,"to-read, non-fiction","to-read (#42), non-fiction (#40)",to-read,,,,0,,,0,,,,,
382068,"The Transformation of Virginia, 1740-1790",Rhys Isaac,"Isaac, Rhys",,"=""080784814X""","=""9780807848142""",0,3.80,University of North Carolina Press,Paperback,491,1999,1982,,2017/02/26,"to-read, non-fiction","to-read (#41), non-fiction (#39)",to-read,,,,0,,,0,,,,,
321263,Humanity: A Moral History of the Twentieth Century,Jonathan Glover,"Glover, Jonathan",,"=""0300087152""","=""9780300087154""",0,4.26,Yale University Press,Paperback,476,2001,1999,,2017/02/26,"to-read, non-fiction","to-read (#40), non-fiction (#38)",to-read,,,,0,,,0,,,,,
25241,The Philosophy of History,Georg Wilhelm Friedrich Hegel,"Hegel, Georg Wilhelm Friedrich","J. Sibree, C.J. Friedrich, Charles Hegel","=""0486437558""","=""9780486437552""",0,3.81,Dover Publications,Paperback,480,2004,1831,,2017/02/26,"to-read, non-fiction","to-read (#39), non-fiction (#37)",to-read,,,,0,,,0,,,,,
5470,1984,George Orwell,"Orwell, George",Erich Fromm,"=""0451524934""","=""9780451524935""",0,4.13,New American Library,Mass Market Paperback,328,1950,1949,,2017/02/26,"to-read, fiction","to-read (#38), fiction (#2)",to-read,,,,0,,,0,,,,,
279456,"Plutarch's Lives, Vol 2",Plutarch,"Plutarch, Plutarch","Arthur Hugh Clough, John Dryden","=""0375756779""","=""9780375756771""",0,4.13,Modern Library,Paperback,706,2001,100,,2017/02/26,"to-read, non-fiction","to-read (#37), non-fiction (#36)",to-read,,,,0,,,0,,,,,
415634,"Plutarch's Lives, Vol 1",Plutarch,"Plutarch, Plutarch","Arthur Hugh Clough, John Dryden, James Atlas","=""0375756760""","=""9780375756764""",0,4.07,Modern Library,Paperback,766,2001,100,,2017/02/26,"to-read, non-fiction","to-read (#36), non-fiction (#35)",to-read,,,,0,,,0,,,,,
279460,The Rise and Fall of Athens: Nine Greek Lives,Plutarch,"Plutarch, Plutarch",Ian Scott-Kilvert,"=""0140441026""","=""9780140441024""",0,4.00,Penguin Classics,Paperback,320,1973,1960,,2017/02/26,"to-read, non-fiction","to-read (#35), non-fiction (#34)",to-read,,,,0,,,0,,,,,
85009,Design Patterns: Elements of Reusable Object-Oriented Software,Erich Gamma,"Gamma, Erich","Ralph Johnson, John Vlissides, Richard Helm","=""0201633612""","=""9780201633610""",0,4.15,Addison-Wesley Professional,Hardcover,416,1994,1994,,2017/02/26,"to-read, non-fiction","to-read (#34), non-fiction (#33)",to-read,,,,0,,,0,,,,,
6593810,Learn You a Haskell for Great Good!,Miran Lipovača,"Lipovača, Miran",,"=""""","=""""",0,4.34,,ebook,176,,2011,,2017/02/26,"to-read, non-fiction","to-read (#33), non-fiction (#32)",to-read,,,,0,,,0,,,,,
13629,The Mythical Man-Month: Essays on Software Engineering,Frederick P. Brooks Jr.,"Jr., Frederick P. Brooks",,"=""0201835959""","=""9780201835953""",0,4.05,Addison-Wesley Professional,Paperback,322,1995,1975,,2017/02/26,"to-read, non-fiction","to-read (#32), non-fiction (#31)",to-read,,,,0,,,0,,,,,
43713,Structure and Interpretation of Computer Programs (MIT Electrical Engineering and Computer Science),Harold Abelson,"Abelson, Harold","Gerald Jay Sussman, Julie Sussman","=""0262510871""","=""9780262510875""",0,4.45,MIT Press (MA),Paperback,657,1996,1984,,2017/02/26,"to-read, non-fiction","to-read (#31), non-fiction (#30)",to-read,,,,0,,,0,,,,,
13507787,Practical Object Oriented Design in Ruby,Sandi Metz,"Metz, Sandi",,"=""0321721330""","=""9780321721334""",0,4.56,Addison-Wesley Professional,Paperback,247,2012,2012,,2017/02/26,"to-read, non-fiction","to-read (#30), non-fiction (#29)",to-read,,,,0,,,0,,,,,
106728,The Timeless Way of Building,Christopher W. Alexander,"Alexander, Christopher W.",,"=""0195024028""","=""9780195024029""",0,4.31,"Oxford University Press, USA",Hardcover,552,1979,1978,,2017/02/26,"to-read, non-fiction","to-read (#29), non-fiction (#28)",to-read,,,,0,,,0,,,,,
5481,Brave New World Revisited ,Aldous Huxley,"Huxley, Aldous",,"=""0060898526""","=""9780060898526""",0,3.94,Harper Perennial Modern Classics,Paperback,123,2006,1958,,2017/02/26,"to-read, fiction","to-read (#28), fiction (#1)",to-read,,,,0,,,0,,,,,
67896,Tao Te Ching,Lao Tzu,"Tzu, Lao","Gia-Fu Feng, Jane English, Toinette Lippe, Jacob Needleman","=""0679724346""","=""9780679724346""",0,4.31,Vintage,Paperback,160,1989,-300,,2017/02/26,"to-read, non-fiction","to-read (#27), non-fiction (#27)",to-read,,,,0,,,0,,,,,
179744,"The Emperor's New Mind Concerning Computers, Minds and the Laws of Physics",Roger Penrose,"Penrose, Roger",Martin Gardner,"=""0192861980""","=""9780192861986""",0,3.83,"Oxford University Press, USA",Paperback,640,2002,1989,,2017/02/26,"to-read, non-fiction","to-read (#26), non-fiction (#26)",to-read,,,,0,,,0,,,,,
408862,The Golden Bough,James George Frazer,"Frazer, James George",,"=""0684826305""","=""9780684826301""",0,4.01,Touchstone Books,Paperback,880,1995,1890,,2017/02/26,"to-read, non-fiction","to-read (#25), non-fiction (#25)",to-read,,,,0,,,0,,,,,
13259270,Free Will,Sam Harris,"Harris, Sam",,"=""1451683405""","=""9781451683400""",0,3.82,Free Press,Paperback,83,2012,2012,,2017/02/26,"to-read, non-fiction","to-read (#24), non-fiction (#24)",to-read,,,,0,,,0,,,,,
836937,Synchronicity: An Acausal Connecting Principle,C.G. Jung,"Jung, C.G.",R.F.C. Hull,"=""0691017948""","=""9780691017945""",0,4.10,Princeton University Press,Paperback,160,1973,1952,,2017/02/26,"to-read, non-fiction","to-read (#23), non-fiction (#23)",to-read,,,,0,,,0,,,,,
44919,Working Effectively with Legacy Code,Michael C. Feathers,"Feathers, Michael C.",,"=""0131177052""","=""0076092025986""",0,4.14,Prentice Hall,Paperback,456,2004,2004,,2017/02/26,"to-read, non-fiction","to-read (#22), non-fiction (#22)",to-read,,,,0,,,0,,,,,
131304,Big Bang: The Origin of the Universe,Simon Singh,"Singh, Simon",,"=""0007162219""","=""9780007162215""",0,4.13,Harper Perennial,Paperback,560,2005,2004,,2017/02/26,"to-read, non-fiction","to-read (#21), non-fiction (#21)",to-read,,,,0,,,0,,,,,
17994,The Code Book: The Science of Secrecy from Ancient Egypt to Quantum Cryptography,Simon Singh,"Singh, Simon",,"=""0385495323""","=""9780385495325""",0,4.27,Anchor,Paperback,432,2000,1999,,2017/02/26,"to-read, non-fiction","to-read (#20), non-fiction (#20)",to-read,,,,0,,,0,,,,,
12625589,Turing's Cathedral: The Origins of the Digital Universe,George Dyson,"Dyson, George",,"=""0307907066""","=""9780307907066""",0,3.53,Pantheon,ebook,505,2012,2012,,2017/02/26,"to-read, non-fiction","to-read (#19), non-fiction (#19)",to-read,,,,0,,,0,,,,,
4845,Code Complete,Steve McConnell,"McConnell, Steve",,"=""0735619670""","=""9780735619678""",0,4.27,Microsoft Press,Paperback,914,2004,1993,,2017/02/26,"to-read, non-fiction","to-read (#18), non-fiction (#18)",to-read,,,,0,,,0,,,,,
13130963,Seven Databases in Seven Weeks: A Guide to Modern Databases and the NoSQL Movement,Eric  Redmond,"Redmond, Eric",Jim R. Wilson,"=""1934356921""","=""9781934356920""",0,4.00,Pragmatic Bookshelf,Paperback,352,2012,2012,,2017/02/26,"to-read, non-fiction","to-read (#17), non-fiction (#17)",to-read,,,,0,,,0,,,,,
4099,The Pragmatic Programmer: From Journeyman to Master,Andrew Hunt,"Hunt, Andrew",Dave Thomas,"=""020161622X""","=""9780201616224""",0,4.31,Addison-Wesley Professional,Paperback,321,1999,1999,,2017/02/26,"to-read, non-fiction","to-read (#16), non-fiction (#16)",to-read,,,,0,,,0,,,,,
41786,Joel on Software,Joel Spolsky,"Spolsky, Joel",,"=""1590593898""","=""9781590593899""",0,4.09,Apress,Paperback,384,2004,2004,,2017/02/26,"to-read, non-fiction","to-read (#15), non-fiction (#15)",to-read,,,,0,,,0,,,,,
703102,"Compilers: Principles, Techniques, and Tools",Alfred V. Aho,"Aho, Alfred V.","Ravi Sethi, Jeffrey D. Ullman","=""0201100886""","=""9780201100884""",0,4.06,Addison-Wesley Publishing Company,Hardcover,500,1986,1986,,2017/02/26,"to-read, non-fiction","to-read (#14), non-fiction (#14)",to-read,,,,0,,,0,,,,,
181239,Metamagical Themas: Questing for the Essence of Mind and Pattern,Douglas R. Hofstadter,"Hofstadter, Douglas R.",,"=""0465045669""","=""9780465045662""",0,4.15,Basic Books,Paperback,880,1996,1985,,2017/02/26,"to-read, non-fiction","to-read (#13), non-fiction (#13)",to-read,,,,0,,,0,,,,,
2081,The Mind's I: Fantasies and Reflections on Self and Soul,Douglas R. Hofstadter,"Hofstadter, Douglas R.",Daniel C. Dennett,"=""0553345842""","=""9780553345841""",0,4.12,Bantam Books,Paperback,512,1985,1981,,2017/02/26,"to-read, non-fiction","to-read (#12), non-fiction (#12)",to-read,,,,0,,,0,,,,,
248189,Fluid Concepts and Creative Analogies,Douglas R. Hofstadter,"Hofstadter, Douglas R.",,"=""0465024750""","=""9780465024759""",0,3.97,Basic Books,Paperback,528,1996,1991,,2017/02/26,"to-read, non-fiction","to-read (#11), non-fiction (#11)",to-read,,,,0,,,0,,,,,
7711871,Surfaces and Essences: Analogy as the Fuel and Fire of Thinking,Douglas R. Hofstadter,"Hofstadter, Douglas R.",Emmanuel Sander,"=""0465018475""","=""9780465018475""",0,3.66,Basic Books,Hardcover,578,2013,2011,,2017/02/26,"to-read, non-fiction","to-read (#10), non-fiction (#10)",to-read,,,,0,,,0,,,,,
886481,Turtle Geometry: The Computer as a Medium for Exploring Mathematics,Harold Abelson,"Abelson, Harold",,"=""0262510375""","=""9780262510370""",0,4.14,Mit Press,Paperback,498,1986,1981,,2017/02/26,"to-read, non-fiction","to-read (#9), non-fiction (#9)",to-read,,,,0,,,0,,,,,
1746425,Masterminds of Programming: Conversations with the Creators of Major Programming Languages,Federico Biancuzzi,"Biancuzzi, Federico","Shane Warden, Brian W. Kernighan, Luiz Hernique de Figueiredo, Roberto Ierusalimschy, Simon Peyton Jones, Paul Hudak, Philip Walder, John Hughes, Robin Milner, Don Chamberlin, Brad Cox, Tom Love, James Gosling, Anders Hejlsberg, Ivar Jacobson, James Rumbaugh, Grady Booch, Larry Wall, Charles Geschke, John Warnock, Bertrand Meyer, Peter Weinberger, Bjarne Stroustrup, Guido von Rossum, Adin D. Falkoff, Charles D. Moore, Thomas E. Kurtz, Alfred V. Aho","=""0596515170""","=""9780596515171""",0,3.85,"O'Reilly Media, Inc.",Paperback,480,2009,2009,,2017/02/26,"to-read, non-fiction","to-read (#8), non-fiction (#8)",to-read,,,,0,,,0,,,,,
400716,Introduction to the Theory of Computation,Michael Sipser,"Sipser, Michael",,"=""0534950973""","=""9780534950972""",0,4.18,Course Technology,Hardcover,431,2005,1996,,2017/02/26,"to-read, non-fiction","to-read (#7), non-fiction (#7)",to-read,,,,0,,,0,,,,,
6905041,"Land of LISP: Learn to Program in LISP, One Game at a Time!",Conrad Barski,"Barski, Conrad",,"=""1593272006""","=""9781593272005""",0,4.11,No Starch Press,Paperback,504,2010,2010,,2017/02/26,"to-read, non-fiction","to-read (#6), non-fiction (#6)",to-read,,,,0,,,0,,,,,
12913652,"An Interdisciplinary Introduction to Image Processing: Pixels, Numbers, and Programs",Steven L. Tanimoto,"Tanimoto, Steven L.",,"=""0262017164""","=""9780262017169""",0,3.71,MIT Press (MA),Hardcover,521,2012,2012,,2017/02/26,"non-fiction, to-read","non-fiction (#5), to-read (#1)",to-read,,,,1,,,0,,,,,
38412,Fermat's Enigma: The Epic Quest to Solve the World's Greatest Mathematical Problem,Simon Singh,"Singh, Simon",,"=""0385493622""","=""9780385493628""",0,4.21,Anchor,Paperback,315,1998,1997,,2017/02/26,"non-fiction, to-read","non-fiction (#4), to-read (#4)",to-read,,,,1,,,0,,,,,
24113,"Gödel, Escher, Bach: An Eternal Golden Braid",Douglas R. Hofstadter,"Hofstadter, Douglas R.",,"=""0465026567""","=""9780465026562""",0,4.30,Basic Books,Paperback,822,1999,1979,,2017/02/26,"non-fiction, to-read","non-fiction (#3), to-read (#2)",to-read,,,,1,,,0,,,,,
695429,Gödel's Proof,Ernest Nagel,"Nagel, Ernest","James Roy Newman, Douglas R. Hofstadter","=""0814758169""","=""9780814758168""",0,4.13,New York University Press,Hardcover,129,2001,1958,,2017/02/26,"non-fiction, to-read","non-fiction (#2), to-read (#3)",to-read,,,,1,,,0,,,,,
123471,I Am a Strange Loop,Douglas R. Hofstadter,"Hofstadter, Douglas R.",,"=""0465030785""","=""9780465030781""",0,3.91,Basic Books,Hardcover,436,2007,2007,,2017/02/26,"non-fiction, to-read","non-fiction (#1), to-read (#5)",to-read,,,,1,,,0,,,,,
